ime,drzava,rang,t_alltime,sezone,t_enodnevne,t_GC,t_kronometer,t_sprint,t_gore,t_hribi,zmage,etapne,GC,enodnevne,kronometer,grand tour zac.,grand tour zmage,spomeniki zac.,spomeniki zmage
Eddy  Merckx,Belgium,1,3851.0,14,21379,13710,12924,18190,6054,1456,279,154,46,79,69,16,10,51,15
Sean  Kelly,Ireland,2,2157.3,19,13100,10608,7658,19046,5556,4731,159,111,24,24,26,21,1,55,9
Francesco  Moser,Italy,3,2125.5,17,17712,7930,8566,14520,1850,212,147,62,16,69,41,15,1,47,6
Bernard  Hinault,France,4,2014.6,13,6381,10499,11458,6812,3739,1443,146,87,29,30,50,13,10,19,4
Roger De Vlaeminck,Belgium,5,1998.3,16,19188,4118,3984,18977,1612,450,162,92,11,59,11,13,0,50,11
Alejandro  Valverde,Spain,6,1910.1,21,13381,13654,4916,3740,15228,7432,133,75,25,33,8,32,1,35,4
Jacques  Anquetil,France,7,1837.9,17,5436,9897,9378,5962,2518,638,121,48,24,49,63,16,8,24,1
Rik Van Looy,Belgium,8,1713.6,18,14335,3476,1180,15847,1246,1264,161,100,9,52,0,18,0,45,7
Laurent  Jalabert,France,9,1609.2,15,7874,8411,7217,10656,4218,3568,140,97,21,22,14,21,1,31,2
Gino  Bartali,Italy,10,1562.5,19,8840,7351,2147,9600,3750,904,92,45,10,37,2,22,5,31,7
Fausto  Coppi,Italy,11,1556.6,20,8528,4930,3217,6455,2570,498,90,39,7,44,21,17,7,29,9
Giuseppe  Saronni,Italy,12,1530.5,14,9113,5950,5539,10994,882,227,142,85,17,40,15,18,2,21,2
Freddy  Maertens,Belgium,13,1480.2,12,9142,3766,4426,11588,1244,980,148,104,13,31,27,6,1,25,0
Felice  Gimondi,Italy,14,1462.8,16,10338,9484,7131,8522,3558,533,74,27,10,37,23,20,5,39,4
Joop  Zoetemelk,Netherlands,15,1435.6,20,7435,13975,11920,6582,6003,1901,96,59,16,21,23,18,2,35,0
Erik  Zabel,Germany,16,1416.5,17,10621,1442,113,19419,1886,5063,150,118,1,31,0,25,0,46,4
Peter  Sagan,Slovakia,17,1387.8,15,9426,1797,1335,9960,2528,8516,121,91,4,26,4,18,0,36,2
Tony  Rominger,Switzerland,18,1356.9,14,3405,8816,11055,3772,3504,1130,93,57,17,19,38,18,4,22,2
Tadej  Pogačar,Slovenia,19,1303.8,8,5140,6344,2533,227,7571,3198,84,51,16,17,7,7,4,14,6
Raymond  Poulidor,France,20,1297.0,18,8223,12493,10869,6468,5184,1106,73,41,13,19,30,18,1,50,1
Alfredo  Binda,Italy,21,1266.1,15,7222,2680,450,9416,802,280,90,44,6,40,2,11,5,13,6
Miguel  Indurain,Spain,22,1264.8,13,2429,9741,10935,3284,3683,1682,90,57,26,7,32,23,7,11,0
Franco  Bitossi,Italy,23,1248.2,17,11524,4512,1730,13442,2406,563,98,56,3,39,2,18,0,29,2
Costante  Girardengo,Italy,24,1195.6,19,9290,1570,280,7004,1101,0,100,35,4,61,4,12,2,24,9
Mark  Cavendish,Great Britain,25,1195.4,20,3067,1502,712,13421,79,2065,165,148,4,13,2,24,0,16,1
Mario  Cipollini,Italy,26,1176.7,19,4203,168,1128,12052,242,1527,163,142,0,21,0,27,0,25,1
Primož  Roglič,Slovenia,27,1159.5,12,1862,7404,5266,163,7366,2736,84,54,21,9,19,14,4,9,1
Tom  Boonen,Belgium,28,1134.4,19,10494,1765,1146,11454,64,1922,122,83,7,32,1,14,0,42,7
Davide  Rebellin,Italy,29,1090.3,31,15521,7575,2195,9330,4204,1641,62,23,8,31,3,19,0,46,1
Philippe  Gilbert,Belgium,30,1082.6,21,12528,4215,1426,5796,3206,5131,80,34,8,38,2,25,0,63,5
Alberto  Contador,Spain,31,1077.1,16,770,11393,6093,1254,8230,2379,68,44,22,2,13,18,7,8,0
Louison  Bobet,France,32,1059.2,15,7529,5072,2719,7190,2334,764,69,39,9,21,5,15,3,35,4
Fabian  Cancellara,Switzerland,33,1041.9,17,6865,1866,12014,2865,379,2252,88,49,6,33,58,21,0,35,7
Alessandro  Petacchi,Italy,34,1023.0,20,3281,1323,361,11788,508,2990,149,128,5,16,0,32,0,25,1
Ferdinand  Kübler,Switzerland,35,1020.6,17,6393,4542,3030,6650,1316,747,70,32,7,31,10,9,1,23,2
André  Greipel,Germany,36,1015.8,19,4643,1935,529,14262,278,2225,158,132,3,23,1,19,0,22,0
Vincenzo  Nibali,Italy,37,953.5,19,4760,9868,3781,940,9272,2888,54,26,14,14,4,27,4,44,3
Miguel  Poblet,Spain,38,945.4,16,3426,3182,2046,11732,276,158,129,112,5,12,2,11,0,17,2
Johan  Museeuw,Belgium,39,943.6,17,13115,1722,1855,9431,596,1215,68,31,3,34,3,11,0,50,6
Chris  Froome,Great Britain,40,941.2,18,365,8291,4389,398,6508,2328,46,29,17,0,7,21,7,9,0
Herman Van Springel,Belgium,41,939.6,18,11624,4910,4328,8491,3488,1342,62,21,3,38,9,14,0,48,1
Alexander  Kristoff,Norway,42,934.0,18,10959,2254,299,9863,436,5161,94,67,4,23,0,13,0,39,2
Fiorenzo  Magni,Italy,43,922.7,14,7217,4112,1832,6508,1742,1116,54,21,5,28,4,15,3,33,3
Luis  Ocaña,Spain,44,901.8,12,1231,8794,8274,3446,1615,388,60,37,13,10,24,18,2,7,0
Paolo  Bettini,Italy,45,880.5,13,10083,1964,418,6088,2150,1832,61,33,6,22,0,17,0,37,5
Domingo  Perurena,Spain,46,879.4,15,3299,5006,1926,13578,459,154,124,93,5,26,1,24,0,7,0
Alex  Zülle,Switzerland,47,877.1,15,1115,8510,10397,1818,3748,1240,64,45,16,3,35,22,2,21,0
Robbie  McEwen,Australia,48,873.3,19,4907,1444,113,13488,622,2650,116,93,4,19,0,26,0,17,0
Walter  Godefroot,Belgium,49,847.8,15,11598,906,253,10364,1781,1550,61,37,1,23,0,10,0,47,4
Jan  Raas,Netherlands,50,841.2,14,9081,1063,1593,6932,406,608,67,37,2,28,7,8,0,22,4
Gianni  Bugno,Italy,51,835.9,14,7618,4188,3888,4776,1922,808,60,30,4,26,7,22,1,35,2
Óscar  Freire,Spain,52,827.6,16,8721,1354,237,7880,1296,2492,72,49,3,20,0,17,0,37,3
Laurent  Fignon,France,53,818.4,13,3209,6400,5533,4330,2810,507,55,34,7,14,13,19,3,20,2
Remco  Evenepoel,Belgium,54,813.9,6,2754,3989,3645,120,3702,1218,58,30,12,16,16,5,1,5,2
Joaquim  Rodríguez,Spain,55,813.6,17,5300,7570,1262,1545,9165,2734,48,34,6,8,1,24,0,29,2
Stephen  Roche,Ireland,56,812.0,14,3392,8513,7857,3414,2322,1056,49,26,18,5,16,15,2,24,0
Jan  Janssen,Netherlands,57,809.2,14,5986,4557,2734,7394,3246,2313,47,32,7,8,3,10,2,29,1
Frans  Verbeeck,Belgium,58,806.8,14,13321,2351,796,10427,1440,774,66,27,3,36,2,4,0,40,0
Gianbattista  Baronchelli,Italy,59,800.1,17,8494,5616,3260,5912,1832,218,56,19,9,28,3,16,0,23,2
Rik Van Steenbergen,Belgium,60,796.6,19,6960,1231,634,6808,256,243,62,34,2,26,1,9,0,26,5
Greg Van Avermaet,Belgium,61,785.3,18,11649,3795,577,4940,3403,6010,42,22,6,14,0,12,0,56,1
Marino  Lejarreta,Spain,62,784.9,14,4105,8839,4979,4691,2454,599,53,25,16,12,10,27,1,16,0
Arnaud  Démare,France,63,775.4,15,6485,1523,475,7878,206,2534,95,62,8,25,1,12,0,26,1
Learco  Guerra,Italy,64,767.3,10,4023,1860,602,7210,364,160,63,39,1,23,2,11,1,9,2
Eric  Vanderaerden,Belgium,65,766.1,16,6599,1791,5165,10333,230,1140,94,71,7,16,17,18,0,32,2
Gerrie  Knetemann,Netherlands,66,764.4,17,3662,4595,10328,3596,734,1520,68,45,13,10,25,16,0,16,0
Charly  Mottet,France,67,763.3,13,4273,6128,4230,4284,2125,548,57,32,10,15,11,13,0,21,1
Moreno  Argentin,Italy,68,758.4,16,7263,1731,1226,5284,1246,319,67,42,4,21,1,13,0,25,6
Rudi  Altig,Germany,69,753.4,11,3860,2479,3548,6409,799,566,66,42,4,20,8,12,1,18,2
Nairo  Quintana,Colombia,70,748.7,16,765,9371,1274,90,7824,1930,51,30,20,1,2,18,2,6,0
Claudio  Chiappucci,Italy,71,742.1,15,7487,6220,3803,4978,3126,1180,32,14,4,14,3,22,0,32,1
Wout van Aert,Belgium,72,735.2,11,7179,1171,2824,2114,1880,3921,46,25,3,18,9,6,0,16,1
Michele  Bartoli,Italy,73,735.0,13,10657,1635,807,4786,1768,698,51,17,5,29,0,9,0,42,5
Nicolas  Frantz,Luxembourg,74,728.4,13,3226,3503,16,6755,1524,170,58,29,4,25,0,7,2,7,0
Phil  Anderson,Australia,75,727.2,16,6374,5734,4795,7282,2076,1474,71,47,14,10,6,16,0,32,0
Hugo  Koblet,Switzerland,76,727.2,11,1598,4617,2748,5262,617,438,54,37,6,11,16,10,2,12,0
Francesco  Casagrande,Italy,77,718.2,15,9075,4555,2448,5062,3093,825,42,14,6,22,4,14,0,24,0
Elia  Viviani,Italy,78,713.6,16,5050,993,160,7656,276,2709,89,66,3,20,0,13,0,16,0
Bernard  Thévenet,France,79,713.3,14,2237,5968,5135,2900,3124,542,53,35,9,9,11,16,2,10,0
Alexandre  Vinokourov,Kazakhstan,80,712.5,16,3038,5816,5197,2596,3236,1376,53,35,12,6,8,15,1,23,2
Maurizio  Fondriest,Italy,81,709.9,14,9020,2563,2664,6318,1500,698,56,36,5,15,10,10,0,35,1
Delio  Rodríguez,Spain,82,709.2,12,348,2667,1304,8515,14,0,117,109,6,2,2,6,1,0,0
Greg  LeMond,United States,83,701.2,15,3641,6310,5928,3796,2676,1449,31,20,8,3,6,16,3,20,0
Tony  Martin,Germany,84,692.3,18,408,3738,10664,820,829,1670,67,39,10,18,50,21,0,10,0
Gianni  Motta,Italy,85,689.5,12,5775,3619,1812,5386,1352,150,51,24,9,18,5,11,1,21,1
Cadel  Evans,Australia,86,686.8,17,2445,9191,4913,1336,6175,3052,34,22,10,2,4,18,1,16,0
André  Darrigade,France,87,685.6,16,4910,1387,392,8411,842,1506,60,45,0,15,2,16,0,30,1
Rolf  Sørensen,Denmark,88,681.7,17,9091,2995,2882,6321,1173,392,52,28,6,18,9,17,0,54,2
Jan  Ullrich,Germany,89,676.2,14,2875,4914,6594,2034,3516,1230,33,16,4,13,11,13,2,4,0
Pierino  Gavazzi,Italy,90,663.8,21,10595,1172,224,12309,694,486,43,17,2,24,0,19,0,21,1
Miguel María  Lasa,Spain,91,662.4,13,2699,6718,3886,10084,626,288,55,40,6,9,2,21,0,10,0
Julian  Alaphilippe,France,92,660.9,13,6327,2701,1427,790,5016,4510,44,31,3,10,3,9,0,25,1
Mathieu van der Poel,Netherlands,93,659.4,11,6800,1009,906,1584,900,2942,49,22,5,22,0,5,0,18,6
Edvald  Boasson Hagen,Norway,94,657.5,19,4421,3650,2967,6030,1012,4381,81,54,9,18,15,17,0,43,0
Michele  Dancelli,Italy,95,653.6,12,7836,2333,565,7855,1312,478,53,22,3,28,3,12,0,27,1
Federico  Bahamontes,Spain,96,652.2,14,1898,5037,3145,4928,1334,210,44,24,4,16,10,20,1,2,0
Marino  Basso,Italy,97,648.6,13,5563,612,50,9828,667,934,55,40,1,14,0,18,0,16,0
Adrie van der Poel,Netherlands,98,629.9,20,10565,2085,1294,9292,1183,1088,46,19,2,25,1,12,0,55,2
Thor  Hushovd,Norway,99,626.6,17,4271,1237,2032,8676,789,2983,67,50,3,14,9,16,0,41,0
Mariano  Cañardo,Spain,100,612.8,17,852,4971,955,6754,186,135,70,50,11,9,5,8,0,0,0
Gaetano  Belloni,Italy,101,612.3,18,5384,1270,272,4212,949,0,32,12,1,19,3,11,1,21,5
Danilo Di Luca,Italy,102,612.2,16,5898,2953,950,2892,3826,1104,42,21,5,16,1,17,1,25,2
Charly  Gaul,Luxembourg,103,611.1,14,1178,5092,3411,3715,760,204,48,30,8,10,13,18,3,3,0
Abraham  Olano,Spain,104,605.1,11,1343,5506,7810,1892,1994,804,45,23,12,10,26,17,1,14,0
André  Leducq,France,105,600.9,13,1438,2919,588,6658,830,40,36,29,2,5,1,9,2,3,1
Samuel  Sánchez,Spain,106,592.5,18,4437,6959,2533,2452,6120,2004,34,25,4,5,6,19,0,28,0
Jens  Voigt,Germany,107,592.2,23,1600,6079,5509,3934,1015,749,59,36,15,8,14,20,0,22,0
Damiano  Cunego,Italy,108,592.2,19,5436,5283,1064,1624,5713,1444,45,22,6,17,0,22,1,25,3
Vittorio  Adorni,Italy,109,588.9,10,3645,4183,2577,4335,856,389,40,26,6,8,7,14,1,19,0
Eddy  Planckaert,Belgium,110,588.7,13,4876,514,220,8512,566,846,73,56,2,15,0,13,0,22,2
Pedro  Delgado,Spain,111,586.1,15,1881,8792,4283,2426,5934,1123,25,14,6,5,3,24,3,12,0
Julián  Berrendero,Spain,112,584.2,16,731,4417,1894,6646,116,0,53,34,9,10,6,11,2,0,0
Marcel  Kittel,Germany,113,583.3,13,1908,820,833,6218,1,231,89,71,4,14,0,9,0,3,0
Lucien Van Impe,Belgium,114,582.3,20,1435,7886,4974,2986,5448,1108,30,23,3,4,5,21,1,11,0
Lance  Armstrong,United States,115,574.6,18,3719,4069,8003,2467,4378,1312,23,15,3,5,3,15,0,18,0
Michael  Matthews,Australia,116,572.1,16,7152,862,1678,3372,2119,7134,41,32,0,9,3,15,0,26,0
Italo  Zilioli,Italy,117,567.7,15,6511,4248,1012,6138,1034,370,36,16,2,18,0,17,0,24,0
John  Degenkolb,Germany,118,562.0,17,6399,1226,297,6466,315,3305,48,35,1,12,0,18,0,33,2
Guido  Bontempi,Italy,119,561.7,16,3242,842,1951,5326,224,706,69,53,2,14,1,26,0,20,0
Michel  Pollentier,Belgium,120,551.9,12,3566,4425,6105,3810,1876,542,41,25,7,9,15,14,1,25,1
Diego  Ulissi,Italy,121,550.8,16,5095,5310,1057,911,4418,4295,48,28,8,12,1,13,0,34,0
Stan  Ockers,Belgium,122,549.8,15,4658,3573,1779,5516,3015,1616,23,12,2,9,0,10,0,19,1
Briek  Schotte,Belgium,123,548.7,21,8505,1711,438,4440,875,661,28,7,5,16,1,5,0,48,2
Hennie  Kuiper,Netherlands,124,548.5,18,7448,5471,3779,4080,2508,1080,19,8,2,9,1,19,0,66,4
Nino  Defilippis,Italy,125,545.3,13,4906,2464,1949,5546,724,367,44,28,1,15,1,19,0,25,1
Jasper  Philipsen,Belgium,126,543.2,8,4250,459,152,5248,185,2262,49,33,0,16,0,7,0,10,1
Andrei  Tchmil,Belgium,127,541.4,15,9763,1828,855,7546,490,884,38,18,2,18,0,11,0,44,3
Jaan  Kirsipuu,Estonia,128,541.4,24,4480,761,913,10367,47,855,116,81,2,33,9,15,0,16,0
Viatcheslav  Ekimov,Russia,129,541.0,19,3522,5334,8347,4626,916,776,50,36,6,8,18,21,0,45,0
Michał  Kwiatkowski,Poland,130,537.8,16,4611,3665,3561,766,3279,3518,31,13,4,14,8,13,0,37,1
Richie  Porte,Australia,131,537.0,15,334,7697,4287,254,4406,2044,33,22,10,1,8,17,0,6,0
Rui  Costa,Portugal,132,534.2,18,4326,6226,1621,668,5336,2659,33,15,7,11,3,17,0,32,0
Henri  Pélissier,France,133,527.5,13,4092,1152,50,2694,1320,0,29,13,1,15,0,8,1,17,6
Dietrich  Thurau,Germany,134,524.3,11,4165,2964,5084,4123,869,740,52,37,5,10,12,14,0,20,1
Jonas  Vingegaard,Denmark,135,523.2,9,320,4436,1784,129,4125,1258,35,26,8,1,2,6,2,6,0
Claude  Criquielion,Belgium,136,521.0,15,6913,5098,3246,3176,2872,658,31,12,6,13,4,15,0,36,1
Geraint  Thomas,Great Britain,137,518.6,20,1267,6394,5423,909,4202,2690,25,11,10,4,5,21,1,19,0
Ercole  Baldini,Italy,138,518.0,9,2397,1531,2864,2302,412,183,33,9,1,23,15,11,1,9,0
Raymond  Impanis,Belgium,139,516.9,18,7148,3940,1463,4714,1544,862,28,14,6,8,1,15,0,51,2
Pascal  Richard,Switzerland,140,514.8,16,4321,2271,1465,2994,1404,116,42,21,3,18,2,15,0,16,2
Nacer  Bouhanni,France,141,513.0,14,4554,464,51,7848,203,1942,70,49,2,19,0,10,0,7,0
Ludo  Peeters,Belgium,142,509.4,17,7450,1917,1733,5720,1280,910,42,18,2,22,2,12,0,33,0
Rik Van Linden,Belgium,143,507.5,13,3641,498,256,7461,312,696,47,36,1,10,2,13,0,13,0
Erik  Breukink,Netherlands,144,505.9,14,1322,6070,8837,1793,1494,800,43,30,8,5,22,19,0,19,0
Jean  Stablinski,France,145,502.9,17,3831,3010,696,5183,514,450,47,23,5,19,2,20,1,23,0
Adam  Yates,Great Britain,146,502.0,12,2261,6628,1211,150,6854,1928,28,16,8,4,0,13,0,13,0
Jean-Luc  Vandenbroucke,Belgium,147,498.2,14,4366,3347,6757,4282,636,605,55,37,9,9,28,11,0,31,0
Giovanni  Brunero,Italy,148,497.9,10,4041,2180,50,4102,888,0,19,7,3,9,0,9,3,15,3
Sam  Bennett,Ireland,149,497.1,16,2653,530,135,6175,130,1846,67,56,1,10,0,9,0,10,0
Caleb  Ewan,Australia,150,496.2,12,2562,333,148,5607,186,2064,62,53,1,8,0,12,0,7,0
Giovanni  Battaglin,Italy,151,494.4,12,3933,3759,2150,4046,1048,393,34,16,5,13,5,16,2,3,0
François  Faber,Luxembourg,152,494.0,9,2414,2178,0,1656,2727,0,27,20,1,6,0,9,1,11,2
Patrick  Sercu,Belgium,153,492.2,14,3186,561,276,7714,108,218,57,49,1,7,0,9,0,15,0
Roberto  Heras,Spain,154,487.0,10,683,5381,2032,1240,3800,797,22,13,6,3,1,16,4,5,0
Gerben  Karstens,Netherlands,155,486.4,15,4078,1065,1583,9686,1049,1774,45,38,0,7,2,19,0,29,0
Simon  Gerrans,Australia,156,486.0,17,4415,2136,381,1493,1252,2100,33,15,7,11,0,19,0,22,2
Silvano  Contini,Italy,157,486.1,13,4593,3317,1427,3790,590,38,36,16,7,13,3,14,0,17,1
Jakob  Fuglsang,Denmark,158,482.8,20,3591,6615,1693,630,5753,2364,27,12,10,5,2,18,0,25,2
Dylan  Groenewegen,Netherlands,159,482.8,13,3882,380,15,7662,38,967,74,57,0,17,0,8,0,5,0
Gilbert  Duclos-Lassalle,France,160,481.0,20,5024,3403,4269,4724,268,368,46,25,11,10,7,16,0,37,2
Antonin  Magne,France,161,479.1,15,1995,3331,1300,5210,812,18,26,13,3,10,5,12,2,3,0
Guido  Reybrouck,Belgium,162,473.6,12,3511,828,9,6438,634,1093,44,30,2,12,0,12,0,11,0
Daniele  Bennati,Italy,163,471.5,19,3137,1090,1107,6331,512,2610,53,43,2,8,1,25,0,29,0
Stefano  Garzelli,Italy,164,469.8,18,3037,4014,1910,2960,3664,1617,35,22,4,9,1,20,1,15,0
Dan  Martin,Ireland,165,468.3,17,3462,6005,454,518,6649,2377,22,13,3,6,0,19,0,26,2
Alfred De Bruyne,Belgium,166,467.5,9,5190,1335,786,3670,437,21,25,13,2,10,1,7,0,24,6
Tim  Wellens,Belgium,167,463.4,15,3862,3866,1216,340,2280,2616,37,20,8,9,3,9,0,32,0
Gustave  Garrigou,France,168,463.1,10,2659,2970,0,1913,3098,0,19,10,1,8,0,8,1,15,2
Sylvain  Chavanel,France,169,461.5,20,3139,5574,5689,2536,1368,1656,46,22,10,14,15,23,0,44,0
Djamolidine  Abduzhaparov,Uzbekistan,170,461.5,12,1433,489,336,6154,528,2078,53,47,0,6,0,17,0,15,0
Luis León  Sánchez,Spain,171,459.6,20,2016,5915,2995,1526,3076,2537,47,31,5,11,7,31,0,24,0
Ivan  Basso,Italy,172,457.6,19,3133,5190,2001,1328,4922,800,30,19,6,5,5,20,2,21,0
Thibaut  Pinot,France,173,457.0,15,1919,6903,1547,198,7740,1537,33,23,7,3,3,18,0,9,1
Philippe  Thys,Belgium,174,454.4,14,1663,2160,0,2941,1671,0,23,13,3,7,0,10,3,9,1
Jelle  Nijdam,Netherlands,175,453.1,13,3089,1866,4910,4142,115,248,65,47,7,11,26,12,0,14,0
Olaf  Ludwig,Germany,176,452.5,17,3820,1410,1603,6954,140,1178,98,84,4,10,12,7,0,14,0
Gilberto  Simoni,Italy,177,450.5,20,1883,4508,1052,1442,4483,610,25,16,3,6,0,25,2,12,0
Wladimiro  Panizza,Italy,178,450.7,19,6713,6069,1256,6228,2130,313,20,8,2,10,1,23,0,34,0
Johan van der Velde,Netherlands,179,447.5,13,3088,3634,1348,6652,1516,1133,37,29,3,5,2,12,0,17,0
Mads  Pedersen,Denmark,180,445.1,11,3682,1248,1567,2668,298,2538,42,28,5,9,5,9,0,18,0
Richard  Virenque,France,181,443.0,15,3891,5398,974,3526,4630,557,21,14,0,7,0,18,0,25,0
Joaquim  Agostinho,Portugal,182,441.0,16,494,7104,8863,2250,3524,1058,60,42,5,13,25,19,0,3,0
Levi  Leipheimer,United States,183,440.9,15,431,5979,6667,1068,3050,730,41,25,13,3,16,15,0,7,0
Bradley  Wiggins,Great Britain,184,440.4,16,274,3525,6515,352,1639,952,35,21,8,6,24,13,1,22,0
Erik  Dekker,Netherlands,185,440.3,16,3620,3263,3734,2998,672,630,45,23,11,11,13,14,0,27,0
Frank  Vandenbroucke,Belgium,186,440.3,14,4207,2024,1564,2930,676,429,44,24,6,14,7,5,0,19,1
Filippo  Pozzato,Italy,187,439.9,18,6253,1123,517,3722,558,1880,32,10,2,20,0,16,0,51,1
Tom  Steels,Belgium,188,435.1,15,3273,155,213,6631,82,473,66,52,0,14,0,9,0,14,0
Tom  Dumoulin,Netherlands,189,432.2,13,1147,4404,6256,326,3160,2208,22,15,2,5,17,14,1,19,0
Jean-Paul van Poppel,Netherlands,190,429.7,14,897,436,61,6056,106,1016,68,63,1,4,0,15,0,4,0
Thomas  Voeckler,France,191,427.3,19,3277,3209,566,2816,1965,1025,45,22,12,11,1,20,0,32,0
Simon  Yates,Great Britain,192,425.4,14,1088,5280,1199,299,5806,1710,34,26,5,3,2,16,1,9,0
Fons de Wolf,Belgium,193,422.4,15,5602,1494,1484,4354,871,412,32,19,0,13,2,9,0,2,2
Sonny  Colbrelli,Italy,194,420.6,13,5472,1172,142,3006,1006,3117,34,14,2,18,0,10,0,18,1
Robert  Millar,Great Britain,195,420.6,17,2723,7427,2372,2590,2984,286,17,12,3,2,2,18,0,24,0
Laurent  Dufaux,Switzerland,196,420.2,15,3164,5583,2573,3118,2528,656,29,14,7,8,1,19,0,19,0
Andrea  Tafi,Italy,197,414.3,17,6509,710,770,3102,790,508,27,7,1,19,1,14,0,49,3
Bauke  Mollema,Netherlands,198,412.0,19,5013,5958,2074,724,7340,3982,18,9,2,7,2,23,0,27,1
Ján  Svorada,Czech Republic,199,407.5,20,1338,921,452,7710,344,1897,67,57,3,7,1,24,0,14,0
Bernardo  Ruiz,Spain,200,401.6,15,1002,4466,1004,4564,758,243,38,24,8,6,7,22,1,2,0
Knut  Knudsen,Norway,201,400.3,10,1399,2749,6840,1544,128,313,40,24,7,9,25,11,0,4,0
Pascal  Ackermann,Germany,202,400.0,12,3441,355,68,3826,126,1925,40,29,0,11,1,5,0,3,0
Adolfo  Leoni,Italy,203,398.1,14,3570,577,254,4622,637,230,36,23,1,12,0,10,0,23,1
Daniel  Willems,Belgium,204,397.8,9,3354,1741,3578,3802,384,312,42,25,3,14,5,5,0,13,0
Stuart  O'Grady,Australia,205,397.0,19,4039,2341,2084,7718,987,2008,30,21,3,6,1,24,0,42,1
Heiri  Suter,Switzerland,206,396.8,15,5146,115,42,2867,146,55,31,0,1,30,0,0,0,11,2
Steven  Rooks,Netherlands,207,395.5,15,5454,3707,1905,2788,2694,788,18,9,3,6,2,18,0,27,1
Carlo  Galetti,Italy,208,395.2,19,3688,1670,42,4155,434,0,24,10,5,9,1,9,2,23,0
Thierry  Marie,France,209,395.0,13,1058,2508,7550,1899,252,586,47,34,7,6,27,18,0,12,0
Niki  Terpstra,Netherlands,210,393.8,19,4666,2405,1739,2139,190,1122,22,6,4,12,2,15,0,38,2
Marco  Pantani,Italy,211,392.2,13,836,3162,1469,1406,2780,410,24,20,3,1,0,16,2,11,0
Marcel  Kint,Belgium,212,389.7,14,4378,815,905,3614,334,365,25,8,1,16,0,6,0,16,1
Jean  Alavoine,France,213,388.4,13,1651,2558,0,3572,2088,0,27,22,0,5,0,12,0,14,0
Rolf  Gölz,Germany,214,387.6,8,2964,1663,2042,2280,786,292,39,23,6,10,4,5,0,18,0
Rohan  Dennis,Australia,215,386.1,15,50,2793,6342,222,962,1256,33,22,4,7,22,12,0,0,0
Gastone  Nencini,Italy,216,385.4,11,2066,3459,2166,4440,1044,458,17,13,2,2,0,18,2,14,0
Federico  Ezquerra,Spain,217,384.9,16,1642,2683,789,5019,59,0,47,25,8,14,2,6,0,0,0
Lucien  Petit-Breton,France,218,384.9,12,1191,1680,0,1735,2340,0,19,12,3,4,0,11,2,7,1
Cyrille  Guimard,France,219,381.2,9,2855,1552,914,5604,1550,1268,38,31,2,5,0,6,0,16,0
Adriano  Baffi,Italy,220,379.9,16,2826,975,1116,7570,79,643,55,42,3,10,2,16,0,14,0
Laurent  Brochard,France,221,378.9,19,3469,4648,3831,5153,1372,1228,39,24,6,9,2,18,0,23,0
Michael  Boogerd,Netherlands,222,377.4,13,5184,4281,1108,2770,2596,787,23,11,3,9,0,16,0,27,0
Emilio  Rodríguez,Spain,223,376.8,14,427,3549,600,3622,30,0,36,26,9,1,0,12,1,1,0
Frans  Bonduel,Belgium,224,376.0,17,4610,1794,142,5698,249,0,22,11,1,10,0,4,0,15,1
Pasquale  Fornara,Italy,225,374.4,12,1784,4700,2890,2621,425,105,18,10,6,2,6,18,0,18,0
José  Pérez Francés,Spain,226,374.2,11,1094,4143,1562,5266,934,348,35,25,2,8,1,18,0,4,0
Giacomo  Nizzolo,Italy,227,373.1,15,4741,564,234,5716,184,2146,31,20,1,10,0,12,0,13,0
Domenico  Piemontesi,Italy,228,372.9,15,3188,1340,430,4807,714,50,21,14,0,7,0,15,0,12,1
Louis  Trousselier,France,229,372.9,12,2843,1275,0,1762,2142,0,20,13,1,6,0,10,1,14,1
André  Dierickx,Belgium,230,371.9,14,6597,1468,242,4983,528,66,28,11,3,14,0,4,0,26,0
Denis  Menchov,Russia,231,371.2,17,412,5579,3182,994,3792,800,21,15,4,2,5,21,2,5,0
Andreas  Klöden,Germany,232,370.2,18,413,5670,5592,1061,2438,1359,20,12,7,1,9,18,0,9,0
Giuseppe  Olmo,Italy,233,370.0,9,1829,1000,1066,3392,252,0,28,22,1,5,3,5,0,7,2
Eric  Leman,Belgium,234,368.7,11,5248,274,147,6094,396,502,39,33,0,6,2,9,0,21,3
Michael  Rogers,Australia,235,368.4,17,634,5362,5408,1009,1548,740,22,10,8,4,7,15,0,14,0
Agustín  Tamames,Spain,236,368.0,10,595,3338,2067,3871,234,96,50,43,4,3,1,11,1,1,0
Pavel  Tonkov,Russia,237,367.8,16,938,5281,2201,1666,2247,290,25,17,5,3,2,20,1,8,0
Roger  Swerts,Belgium,238,367.3,16,3788,2138,3042,3742,548,382,31,14,5,12,11,16,0,21,0
Luis Alberto  Herrera,Colombia,239,366.4,12,7,3502,1656,1114,2816,334,32,24,8,0,5,15,1,0,0
Tim  Merlier,Belgium,240,364.7,12,3424,104,3,4524,4,462,46,29,0,17,0,4,0,6,0
Chris  Boardman,Great Britain,241,363.5,10,139,1542,7398,610,298,101,42,30,1,11,40,8,0,5,0
Giovanni  Visconti,Italy,242,363.6,19,5548,1979,802,3066,2818,1618,34,16,1,17,0,15,0,39,0
Jean-François  Bernard,France,243,361.3,12,1461,3286,5807,1881,1334,520,36,26,5,5,15,15,0,9,0
Peter Van Petegem,Belgium,244,359.6,18,6783,1186,904,3950,206,454,20,4,2,14,1,7,0,44,3
Roger  Lapébie,France,245,359.2,6,1056,1899,700,3478,67,0,31,20,6,5,1,5,1,3,0
Maximilian  Sciandri,Great Britain,246,358.4,17,6096,856,202,4660,854,664,32,21,2,9,0,16,0,42,0
Richard  Carapaz,Ecuador,247,357.2,11,1247,3476,539,189,4132,1464,23,14,4,5,2,12,1,4,0
José Manuel  Fuente,Spain,248,356.2,8,120,2749,1319,1957,667,12,21,18,3,0,1,12,2,1,0
Jean  Graczyk,France,249,350.0,12,2440,1253,366,4756,556,498,27,22,3,2,0,13,0,17,0
Michel  Laurent,France,250,349.7,11,1292,5142,4251,1499,1072,473,28,14,10,4,9,10,0,12,0
Egan  Bernal,Colombia,251,349.6,8,918,4331,566,118,3848,1140,21,11,8,2,2,8,2,4,0
Aldo  Bini,Italy,252,349.5,19,4235,304,230,3524,712,75,21,6,0,15,0,11,0,23,2
Federico  Echave,Spain,253,349.0,16,2405,5615,1876,3042,1803,534,37,26,6,5,1,26,0,8,0
Maurice  Dewaele,Belgium,254,348.2,10,2269,2504,0,3642,788,0,23,11,5,7,0,4,1,9,0
Fernando  Gaviria,Colombia,255,348.1,11,1835,211,85,4574,89,1817,52,48,0,4,0,10,0,9,0
Tom  Simpson,Great Britain,256,347.2,9,3688,1658,528,2761,1264,397,18,8,2,8,1,8,0,21,3
Tyler  Farrar,United States,257,347.1,14,2464,856,966,6026,124,1173,31,24,3,4,1,15,0,25,0
Matteo  Trentin,Italy,258,346.0,15,5160,912,320,3066,968,3932,31,22,1,8,0,13,0,35,0
Rigoberto  Urán,Colombia,259,345.8,19,3086,5903,1804,744,6462,2168,14,10,0,4,4,24,0,23,0
Fermín  Trueba,Spain,260,345.0,12,1835,1903,510,5520,57,0,46,29,3,14,0,5,0,0,0
Melchor  Mauri,Spain,261,344.2,15,674,4046,6669,972,1062,840,37,24,11,2,19,22,1,14,0
Dmitri  Konychev,Russia,262,344.2,21,5158,793,116,4708,1060,970,34,21,1,12,0,20,0,38,0
Urs  Freuler,Switzerland,263,342.5,12,1120,329,1740,4788,49,14,46,41,0,5,3,11,0,14,0
Raffaele Di Paco,Italy,264,341.7,12,1244,305,696,5050,272,0,30,27,0,3,2,14,0,9,0
Romain  Bardet,France,265,341.6,16,3265,6401,391,366,8139,1926,11,7,2,2,0,17,0,22,0
Georges  Speicher,France,266,340.7,9,1716,1786,597,4206,148,0,30,21,2,7,1,7,1,4,1
Fränk  Schleck,Luxembourg,267,340.3,15,3419,5144,683,1401,3844,734,19,9,3,7,0,16,0,23,0
Frans  Maassen,Netherlands,268,339.1,10,3140,1992,2728,2665,192,460,40,26,6,8,13,8,0,20,0
Fabrizio  Guidi,Italy,269,337.2,13,2330,1308,313,6376,240,710,42,29,5,8,1,13,0,22,0
Alexey  Lutsenko,Kazakhstan,270,336.4,14,2342,3124,1081,990,2622,1552,43,17,8,18,7,14,0,18,0
Jesús  Manzaneque,Spain,271,336.3,18,583,4576,5572,2690,75,30,32,19,9,4,13,19,0,3,0
Joseph  Planckaert,Belgium,272,335.4,13,4042,3590,3018,3401,1194,393,21,7,5,9,2,12,0,33,1
Fabio  Baldato,Italy,273,333.4,20,4247,789,264,6810,486,772,40,35,1,4,1,25,0,39,0
Andrew  Hampsten,United States,274,331.9,14,811,5948,2068,1784,1690,297,18,13,5,0,4,15,1,12,0
Michele  Scarponi,Italy,275,331.8,17,1579,4968,1303,872,4568,1392,21,13,7,1,1,20,1,20,0
Walter  Planckaert,Belgium,276,331.6,17,6053,609,268,6701,220,25,33,20,1,12,2,9,0,27,1
Vicente  Belda,Spain,277,331.5,12,955,5248,1852,3048,598,20,26,16,7,3,4,15,0,0,0
Marc  Demeyer,Belgium,278,331.0,11,5176,579,335,5739,209,674,33,19,0,14,0,8,0,24,1
Julio  Jiménez,Spain,279,330.6,11,740,2274,770,2232,1223,49,27,20,1,6,3,14,0,1,0
Germain  Derycke,Belgium,280,330.0,10,4880,676,197,2690,386,473,22,11,3,8,1,4,0,26,4
Jean  Dotto,France,281,329.9,14,1192,3910,684,2486,938,385,20,3,3,14,5,19,1,5,0
Roger  Pingeon,France,282,329.0,10,1198,3688,3010,1621,2020,314,14,9,2,3,1,12,2,8,0
Ward  Sels,Belgium,283,328.8,9,3684,503,84,4980,292,839,32,23,0,9,0,9,0,20,1
Beat  Zberg,Switzerland,284,328.3,18,4577,4143,2572,3908,1285,527,30,12,3,15,5,12,0,35,0
Gilbert  Desmet,Belgium,285,327.2,18,4316,1945,1690,5188,1176,721,25,10,3,12,0,9,0,33,0
Georges  Pintens,Belgium,286,325.5,10,4675,1664,1034,2670,1247,398,19,6,2,11,1,8,0,24,1
Sylvère  Maes,Belgium,287,324.0,11,1876,2145,2364,3516,350,0,13,9,2,2,4,7,2,10,1
Dino  Zandegù,Italy,288,321.5,10,2675,954,165,5612,224,245,32,23,1,8,0,11,0,8,1
Niko  Eeckhout,Belgium,289,321.2,22,5168,542,207,7232,32,0,39,13,2,24,0,1,0,14,0
José Antonio  González,Spain,290,320.5,12,504,3678,4315,2121,106,5,29,21,6,2,5,17,0,1,0
Jean  Forestier,France,291,319.8,13,2688,2203,1163,2800,575,349,24,14,3,7,3,10,0,17,2
Roberto  Visentini,Italy,292,319.5,15,1128,3463,5784,1729,174,29,19,11,5,3,10,17,1,13,0
Ferdinand  Bracke,Belgium,293,319.2,17,1893,2782,4749,1856,690,266,26,17,1,8,15,13,1,16,0
Jean  Robic,France,294,318.9,16,1687,2826,709,2369,2423,998,24,15,2,7,2,11,1,16,0
David  Millar,Great Britain,295,318.6,18,557,2695,9120,902,434,1226,30,21,4,5,19,24,0,19,0
Etienne De Wilde,Belgium,296,316.4,22,4860,937,699,7030,208,818,41,26,1,14,1,9,0,28,0
Jeroen  Blijlevens,Netherlands,297,316.4,14,1292,225,16,6100,62,660,56,50,0,6,0,15,0,4,0
Iñaki  Gastón,Spain,298,316.1,12,1856,4220,1376,2297,1594,623,32,21,4,7,4,19,0,8,0
Charles  Pélissier,France,299,313.7,15,1612,670,258,4934,78,50,21,16,0,5,0,6,0,6,0
Fabio  Jakobsen,Netherlands,300,312.7,9,1863,143,38,3835,6,654,46,35,0,11,0,6,0,1,0
Bryan  Coquard,France,301,312.2,14,2963,1192,289,5543,208,2344,52,43,2,7,1,9,0,7,0
Louis  Mottiat,Belgium,302,311.6,11,2892,853,0,2902,893,0,24,16,2,6,0,9,0,14,2
Jean  Aerts,Belgium,303,311.6,9,1811,1240,246,3848,134,100,28,21,2,5,1,6,0,6,0
Miguel Ángel  López,Colombia,304,311.4,10,381,4054,752,146,4106,854,22,16,4,2,0,12,0,3,0
Mikel  Landa,Spain,305,311.0,15,974,5981,298,117,6584,1100,16,13,3,0,0,21,0,18,0
Julián  Gorospe,Spain,306,308.8,14,678,4950,6028,1272,777,116,27,18,6,3,12,22,0,3,0
Jo de Roo,Netherlands,307,308.4,12,4235,564,176,3642,605,576,26,13,1,12,0,8,0,23,3
Christophe  Laporte,France,308,307.0,12,3963,810,851,2352,352,1658,31,19,3,9,4,11,0,26,0
Barry  Hoban,Great Britain,309,306.0,18,3023,1414,947,5244,808,1492,27,20,1,6,0,15,0,24,0
Frank  Hoste,Belgium,310,305.7,16,3150,718,626,5856,120,484,33,26,1,6,2,13,0,17,0
Ion  Izagirre,Spain,311,305.3,16,1777,5371,3014,172,4284,2224,18,10,3,5,5,17,0,25,0
Acácio da Silva,Portugal,312,305.5,15,2655,2688,1503,4090,580,384,25,19,0,6,3,20,0,18,0
René Le Grevès,France,313,304.5,9,1322,633,572,4398,43,0,27,17,0,10,0,6,0,2,0
Georges  Ronsse,Belgium,314,303.2,9,3776,440,0,2368,91,180,14,3,0,11,0,2,0,9,2
Enrico  Paolini,Italy,315,302.9,11,3661,1191,159,4982,653,576,27,16,0,11,0,14,0,13,0
Michael  Albasini,Switzerland,316,302.2,20,2986,2065,407,1674,1399,1988,30,22,4,4,0,14,0,37,0
René  Vermandel,Belgium,317,302.2,10,2888,634,0,2249,146,0,38,19,5,14,0,1,0,11,3
Antonio  Gómez,Spain,318,301.5,14,987,4177,2382,3429,437,32,32,20,5,7,4,19,0,2,0
Gianluca  Bortolami,Italy,319,300.6,17,5285,1086,1019,3884,418,497,29,13,1,15,1,16,0,43,1
Luc  Leblanc,France,320,300.5,13,2446,4110,1513,2673,1828,342,21,14,2,5,1,11,0,7,0
Marcel  Wüst,Germany,321,300.3,13,1154,144,62,5480,155,668,65,62,0,3,1,12,0,6,0
Leonardo  Piepoli,Italy,322,298.5,15,1273,4664,602,2224,3086,273,29,16,6,7,0,23,0,7,0
Jacques  Esclassan,France,323,298.4,8,1019,710,154,5764,704,1100,35,29,2,4,0,8,0,5,0
Paolo  Savoldelli,Italy,324,298.1,15,516,3873,3560,1169,1586,600,20,14,5,1,6,19,2,14,0
Wim van Est,Netherlands,325,297.5,16,2741,2530,2600,4740,450,542,29,19,3,7,9,15,0,21,1
Octave  Lapize,France,326,297.3,6,2009,500,0,1566,816,0,18,6,1,11,0,6,1,7,3
Juan  Fernández,Spain,327,296.6,11,2310,1326,409,4336,494,572,41,31,2,8,1,18,0,5,0
Luigi  Ganna,Italy,328,295.7,10,3099,1421,0,2277,558,0,15,8,1,6,0,8,1,17,1
Dario  Frigo,Italy,329,295.8,12,2083,2933,2798,1700,1792,464,20,11,5,4,5,14,0,12,0
Davide  Cassani,Italy,330,295.5,14,6131,803,165,3073,893,469,20,6,1,13,1,20,0,16,0
Raphaël  Géminiani,France,331,295.4,12,1532,3908,942,3002,2496,924,15,10,0,5,0,20,0,16,0
Vicente  López,Spain,332,295.3,14,1285,5364,1339,2450,1812,314,30,17,6,7,3,24,0,4,0
José María  Jiménez,Spain,333,295.2,10,849,2727,649,1051,2411,352,23,16,3,4,2,12,0,4,0
Vito  Taccone,Italy,334,293.7,10,2499,2066,230,4018,378,226,21,14,1,6,1,11,0,11,1
Matej  Mohorič,Slovenia,335,293.3,12,2855,2061,334,694,1534,2656,25,15,4,6,1,13,0,27,1
Fritz  Schär,Switzerland,336,292.7,10,1889,2682,1330,3600,577,391,17,10,0,7,1,11,0,7,0
Ottavio  Bottecchia,Italy,337,292.8,5,801,1770,0,2077,1078,0,14,10,2,2,0,5,2,5,0
Daniel  Moreno,Spain,338,292.6,16,2715,4395,490,1872,4437,1906,22,17,2,3,1,19,0,16,0
Angelo  Conterno,Italy,339,291.5,16,5103,1619,96,3830,891,72,15,5,1,9,0,13,1,34,0
Nicola  Minali,Italy,340,290.9,11,1116,122,46,4220,45,843,43,40,0,3,0,11,0,8,0
Giorgio  Furlan,Italy,341,290.9,11,3128,1746,346,2409,428,24,22,13,3,6,0,13,0,18,1
Franco  Chioccioli,Italy,342,289.9,13,1727,3033,1071,3226,452,50,26,18,3,5,2,15,1,11,0
Franco  Ballerini,Italy,343,289.3,16,6342,587,434,2750,390,80,14,2,1,11,0,9,0,53,2
Alberto  Fernández,Spain,344,289.2,8,492,4368,2686,1848,620,121,28,18,7,3,6,11,0,3,0
Fernando  Escartín,Spain,345,288.7,13,1176,6620,1710,1791,3690,559,18,12,3,3,0,20,0,7,0
Bert  Oosterbosch,Netherlands,346,288.7,10,743,1286,4974,1061,126,225,38,31,6,1,25,5,0,6,0
Giorgio  Albani,Italy,347,288.4,11,3626,1017,232,3872,640,35,22,9,0,13,0,10,0,21,0
Evgeni  Berzin,Russia,348,287.1,8,1069,3048,3737,1143,621,222,19,13,3,3,9,11,1,14,1
Willy  Teirlinck,Belgium,349,286.8,18,4211,1103,549,5305,524,1149,34,24,2,8,1,11,0,14,0
Filippo  Ganna,Italy,350,285.1,10,579,731,5366,302,273,816,33,24,2,7,26,6,0,14,0
Pierino  Baffi,Italy,351,284.7,13,2442,882,111,4936,174,148,29,20,0,9,0,20,0,20,0
Tejay van Garderen,United States,352,283.0,15,147,5164,3409,431,3011,1127,16,13,3,0,7,17,0,6,0
Franco  Balmamion,Italy,353,282.6,12,2223,3718,1170,2132,674,244,11,2,4,5,1,16,2,14,0
Christophe  Moreau,France,354,282.4,17,966,5093,4920,2010,2417,603,21,13,5,3,7,15,0,17,0
Maurice  Archambaud,France,355,282.6,10,799,2014,1692,2941,100,0,24,16,4,4,6,8,0,4,0
Rafał  Majka,Poland,356,282.0,15,1167,5519,889,107,6249,1874,15,12,2,1,0,22,0,17,0
Alfonso  Gutiérrez,Spain,357,282.0,12,858,645,0,4488,370,778,64,56,4,4,0,11,0,2,0
Massimo  Ghirotto,Italy,358,281.8,12,2737,635,357,2062,995,732,20,8,1,11,2,18,0,14,0
René  Vietto,France,359,280.7,18,1320,2665,862,3086,776,183,21,12,3,6,0,10,0,6,0
Kim  Andersen,Denmark,360,280.6,13,2732,2096,1317,3506,497,596,33,20,4,9,1,9,0,11,0
Gösta  Pettersson,Sweden,361,280.4,13,1559,3210,3328,1224,648,31,17,5,2,10,11,7,1,7,0
Rolf  Wolfshohl,Germany,362,280.1,13,2190,3150,1726,3400,1065,700,15,9,4,2,0,14,1,19,0
Pierrick  Fédrigo,France,363,279.1,18,2367,2713,373,2288,844,434,25,15,4,6,0,13,0,18,0
Guido  Carlesi,Italy,364,278.5,11,1844,2210,1392,4038,545,220,23,19,0,4,1,14,0,12,0
Mauro  Gianetti,Switzerland,365,278.4,18,6045,1927,427,2183,1464,278,18,5,1,12,1,11,0,44,1
Robert  Gesink,Netherlands,366,277.6,20,2888,5189,1196,658,4248,1400,13,7,2,4,1,23,0,18,0
Stefano  Zanini,Italy,367,277.2,19,3958,546,263,3920,340,294,28,19,0,9,0,20,0,44,0
René  Privat,France,368,277.0,11,1970,2036,322,3050,197,16,24,13,2,9,0,8,0,9,1
Giovanni  Lombardi,Italy,369,276.4,14,1452,512,76,5940,165,1019,37,36,0,1,0,21,0,16,0
Émile  Daems,Belgium,370,275.9,8,3399,471,248,3491,294,382,22,9,1,12,0,6,0,17,3
Daniele  Nardello,Italy,371,275.1,16,4185,2409,1699,2321,1420,496,24,11,3,10,1,18,0,33,0
Rolf  Graf,Switzerland,372,274.7,11,987,1116,2204,1958,115,275,27,15,1,11,9,10,0,5,0
Félix  Sellier,Belgium,373,274.3,10,2579,1450,0,3076,892,0,17,7,2,8,0,7,0,14,1
Raymond  Delisle,France,374,273.9,15,2350,4564,2064,2731,1966,203,22,12,2,8,4,15,0,12,0
Carlos  Sastre,Spain,375,273.8,15,771,5475,2423,616,4486,772,9,7,1,1,0,26,1,12,0
Tommy  Prim,Sweden,376,273.5,11,1658,3119,2537,2401,225,0,23,12,6,5,7,6,0,11,0
Hans  Junkermann,Germany,377,272.6,18,2902,4662,1211,3438,1476,596,13,5,2,6,1,14,0,8,0
Mirko  Celestino,Italy,378,271.7,13,5900,796,159,2170,802,202,13,3,2,8,0,6,0,35,1
Serhiy  Honchar,Ukraine,379,271.6,17,1007,2669,6659,704,1072,479,24,13,1,10,21,16,0,8,0
Mathieu  Hermans,Netherlands,380,271.2,11,1170,539,76,4223,548,963,45,40,0,5,0,14,0,6,0
Wilfried  Nelissen,Belgium,381,271.2,7,1728,307,206,4284,122,245,52,40,2,10,1,4,0,5,0
Marc  Madiot,France,382,271.0,16,4297,2519,337,3028,903,277,20,8,1,11,0,11,0,30,2
Jesús  Loroño,Spain,383,270.6,17,1032,3593,1932,3094,374,233,17,9,4,4,4,19,1,0,0
Stefan  Schumacher,Germany,384,270.1,16,1293,2283,2943,1705,490,548,30,20,8,2,11,5,0,8,0
Francisco  Galdos,Spain,385,268.9,13,800,6248,2311,1889,2330,239,13,6,4,3,0,21,0,3,0
José Luis  Laguía,Spain,386,268.6,14,618,3235,912,3928,390,186,22,15,4,3,2,19,0,1,0
Alessandro  Ballan,Italy,387,268.0,11,3664,1611,377,1732,554,908,12,5,2,5,0,9,0,32,1
Allan  Davis,Australia,388,267.7,15,2677,1201,47,5546,248,928,26,20,1,5,0,7,0,24,0
Olimpio  Bizzi,Italy,389,267.3,14,2874,275,364,3432,388,0,22,14,0,8,0,11,0,24,0
Stefan  Küng,Switzerland,390,267.2,12,2679,1634,5240,577,464,1506,28,13,2,13,20,11,0,21,0
Edwig Van Hooydonck,Belgium,391,267.1,11,4357,1038,1414,2666,64,120,22,7,1,14,4,8,0,29,2
Miguel  Gual,Spain,392,267.0,12,697,1371,484,4184,0,0,33,26,2,5,2,7,0,0,0
Roman  Kreuziger,Czech Republic,393,266.7,17,2381,5077,2171,437,4204,1572,15,7,3,5,2,18,0,24,0
Johan  Capiot,Belgium,394,266.4,14,5142,275,80,6066,10,382,24,10,0,14,0,9,0,23,0
Jean-Pierre  Danguillaume,France,395,266.3,11,1752,2421,1440,2908,1361,783,28,21,3,4,1,12,0,8,0
Samuel  Dumoulin,France,396,265.1,19,3742,1279,91,5437,272,1494,30,17,2,11,0,13,0,10,0
Steven de Jongh,Netherlands,397,264.5,16,3769,861,60,5566,35,290,30,12,1,17,0,11,0,28,0
Faustino  Rupérez,Spain,398,264.2,8,1346,4180,934,2131,394,33,21,11,5,5,1,13,1,6,0
Luciano  Maggini,Italy,399,264.3,13,4051,545,18,3544,366,75,20,8,0,12,0,8,0,20,0
Yves  Lampaert,Belgium,400,264.0,13,3444,1439,2447,1678,183,1170,16,7,2,7,6,7,0,22,0
Gaston  Rebry,Belgium,401,263.5,14,2974,1343,62,3506,371,0,12,4,1,7,0,8,0,15,4
Willy  Vannitsen,Belgium,402,263.1,13,3180,216,92,3138,141,162,29,15,0,14,0,9,0,16,0
Jean-René  Bernaudeau,France,403,263.0,12,1505,3676,1336,2804,1670,631,17,8,5,4,1,16,0,6,0
Pino  Cerami,Belgium,404,262.5,16,5069,1267,88,3330,758,51,17,8,1,8,0,7,0,36,1
Luca  Paolini,Italy,405,262.4,17,5778,666,77,4410,635,910,17,7,0,10,0,13,0,40,0
Danilo  Hondo,Germany,406,261.4,17,2592,1117,748,6513,450,879,42,38,0,4,2,16,0,27,0
Laudelino  Cubino,Spain,407,261.3,11,728,3222,874,1544,1962,423,27,19,4,4,0,17,0,2,0
Désiré  Keteleer,Belgium,408,259.9,19,3494,1678,282,4106,356,131,25,20,1,4,0,10,0,36,0
Bjarne  Riis,Denmark,409,259.4,15,2248,2393,2239,1530,2068,931,17,8,2,7,2,18,1,17,0
Oscar  Camenzind,Switzerland,410,258.9,11,3226,2440,1686,2045,1387,599,16,9,2,5,3,10,0,20,2
Iban  Mayo,Spain,411,258.8,8,678,2515,1190,872,1350,232,23,14,6,3,4,11,0,4,0
Raúl  Alcalá,Mexico,412,258.6,11,1493,3851,3187,1554,1608,877,23,17,4,2,9,13,0,17,0
Joseph  Bruyère,Belgium,413,258.0,12,2654,1878,3661,1781,688,438,17,7,3,7,4,11,0,12,2
Maurice  Garin,France,414,257.7,4,2292,500,0,1547,538,0,19,3,1,15,0,2,1,5,2
Noël  Foré,Belgium,415,257.7,13,4148,641,50,3151,103,80,18,6,3,9,0,4,0,21,2
Joseph  Groussard,France,416,256.6,14,2748,1557,194,3892,114,392,20,9,2,9,0,9,0,21,1
Salvador  Botella,Spain,417,256.2,13,428,2786,732,4170,87,96,25,19,5,1,1,19,0,3,0
Álvaro  Pino,Spain,418,256.2,11,599,4642,2164,1170,1884,176,17,12,3,2,4,17,1,0,0
Joseph  Schils,Belgium,419,255.7,15,4571,370,120,4458,244,35,32,10,0,22,0,3,0,20,0
Ernest  Sterckx,Belgium,420,254.7,15,3980,204,60,3046,118,0,25,5,1,19,1,0,0,11,0
Sacha  Modolo,Italy,421,253.7,17,1809,535,19,5153,221,1454,47,39,1,7,0,13,0,19,0
Fernando  Manzaneque,Spain,422,253.3,14,586,5031,1103,3669,1050,241,23,18,3,2,0,20,0,4,0
Wout  Poels,Netherlands,423,252.9,18,1033,4876,916,301,4817,1721,24,21,2,1,2,23,0,18,1
Benoît  Cosnefroy,France,424,252.1,10,3641,964,252,346,928,1670,20,4,3,13,1,5,0,12,0
Baden  Cooke,Australia,425,250.8,14,2582,995,305,6257,175,861,38,28,2,8,0,9,0,25,0
Tyler  Hamilton,United States,426,250.3,11,643,3097,4396,596,878,386,16,9,5,2,5,11,0,10,1
Cândido  Barbosa,Portugal,427,250.4,17,124,1648,884,4148,214,34,68,61,5,2,2,2,0,2,0
Alberto  Elli,Italy,428,250.3,17,3681,3090,1015,2534,1230,212,19,10,5,4,1,17,0,26,0
Marc  Hirschi,Switzerland,429,250.2,8,3662,1357,284,90,1778,1834,17,4,3,10,0,3,0,13,0
Zdeněk  Štybar,Czech Republic,430,249.7,18,3789,1449,235,1787,629,1983,18,11,1,6,0,9,0,32,0
Romāns  Vainšteins,Latvia,431,248.4,11,3657,795,462,3126,220,536,22,12,2,8,0,4,0,20,0
Francisco  Mancebo,Spain,432,248.3,26,1768,5836,1915,2568,3197,910,16,8,4,4,0,12,0,13,0
Daryl  Impey,South Africa,433,248.2,19,1745,1891,1031,1486,1122,2818,30,13,5,12,9,11,0,25,0
Chris  Horner,United States,434,247.8,21,1427,4131,1093,1492,2116,572,14,8,5,1,1,12,1,15,0
Leon Van Daele,Belgium,435,247.8,11,3919,166,72,3468,6,0,25,8,1,16,0,1,0,19,1
Aldo  Moser,Italy,436,247.3,21,3504,2757,903,3200,556,60,9,2,0,7,3,21,0,25,0
Kim  Kirchen,Luxembourg,437,247.2,13,1840,2538,1426,1831,1164,670,23,11,2,10,4,7,0,21,0
Eugène  Christophe,France,438,246.8,19,3028,2087,0,2596,1808,0,10,3,0,7,0,11,0,15,1
Henk  Lubberding,Netherlands,439,246.5,18,2722,3466,1933,1878,1068,732,18,14,1,3,3,18,0,30,0
Gilbert  Bauvin,France,440,246.4,11,1214,2123,874,3446,1074,544,20,13,1,6,1,13,0,9,0
Armand de Las Cuevas,France,441,246.3,12,1078,1969,2503,1120,458,164,22,8,5,9,4,12,0,4,0
Stefan van Dijk,Netherlands,442,245.8,16,4524,209,106,7528,22,5,28,15,0,13,1,1,0,7,0
Steve  Bauer,Canada,443,245.5,16,3663,2000,2040,3640,773,838,26,19,1,6,1,15,0,30,0
Dalmacio  Langarica,Spain,444,245.4,12,581,1457,430,3066,88,98,29,24,1,4,1,8,1,1,0
Giovanni  Valetti,Italy,445,245.0,10,413,1903,828,1718,96,0,14,10,4,0,3,6,2,7,0
Adriano  Durante,Italy,446,244.1,11,3574,361,8,3574,402,346,19,9,0,10,0,12,0,19,0
Giuseppe  Minardi,Italy,447,243.8,9,3331,220,54,2001,463,60,17,7,0,10,1,9,0,20,1
Jimmy  Casper,France,448,243.8,15,1984,855,189,5196,27,330,47,33,3,11,0,10,0,17,0
Santiago  Botero,Colombia,449,241.8,15,427,2385,3086,628,1114,624,18,12,1,5,9,13,0,2,0
Óscar  Sevilla,Spain,450,241.2,25,779,5240,2442,2454,2244,1076,17,8,6,3,0,13,0,5,0
Noël  Dejonckheere,Belgium,451,240.3,11,882,107,134,4862,78,101,59,54,0,5,1,8,0,7,0
Antonio  Bevilacqua,Italy,452,239.6,12,2075,277,346,2404,340,85,18,11,0,7,3,11,0,11,1
David  Moncoutié,France,453,238.7,17,1199,3562,1125,1769,1932,356,20,16,3,1,1,17,0,9,0
Émile  Georget,France,454,238.3,10,1712,1556,0,1272,2228,0,13,9,0,4,0,9,0,10,0
Piotr  Ugrumov,Latvia,455,237.7,18,1523,3961,2492,1966,1248,276,12,5,4,3,3,17,0,5,0
Félicien  Vervaecke,Belgium,456,237.7,10,1016,1586,2114,3036,255,0,13,12,0,1,3,8,0,9,0
Mario  Beccia,Italy,457,237.0,11,3038,2585,1114,2660,682,141,13,7,1,5,0,12,0,12,0
Eloi  Meulenberg,Belgium,458,236.4,9,1686,58,156,2444,122,0,17,11,0,6,0,4,0,5,1
José  Recio,Spain,459,236.3,9,515,2030,2360,1604,425,388,32,25,6,1,9,12,0,0,0
Bernard  Gauthier,France,460,235.5,15,3480,1094,306,2940,503,461,19,7,2,10,0,10,0,24,0
Roy  Schuiten,Netherlands,461,235.4,11,555,865,3671,830,14,0,24,12,4,8,15,8,0,4,0
Daniel  Gisiger,Switzerland,462,234.8,14,885,895,3081,1254,12,80,16,7,1,8,9,9,0,3,0
Daniel Van Ryckeghem,Belgium,463,234.6,8,3727,436,120,4876,486,539,23,13,0,10,0,3,0,15,0
Alfons  Schepers,Belgium,464,234.3,8,2369,690,0,2392,240,0,15,7,1,7,0,6,0,11,4
Didier  Rous,France,465,233.2,16,1837,2668,1875,2004,670,96,25,11,4,10,4,17,0,11,0
Antonio  Suárez,Spain,466,233.0,10,723,2617,1752,2976,233,134,20,15,2,3,5,17,1,6,0
Willy  Planckaert,Belgium,467,231.6,18,3163,540,77,4993,231,290,25,16,1,8,0,8,0,15,0
Arthur  Decabooter,Belgium,468,231.1,12,3899,467,116,4451,24,169,20,7,0,13,0,7,0,21,1
Seamus  Elliott,Ireland,469,230.5,12,2705,1372,168,3704,150,204,21,10,2,9,0,11,0,17,0
Giancarlo  Polidori,Italy,470,230.2,11,3556,1100,234,3610,386,218,18,9,0,9,0,14,0,12,0
Georges  Passerieu,France,471,229.5,8,1375,1020,0,738,1516,0,10,7,0,3,0,6,0,9,1
Wout  Wagtmans,Netherlands,472,228.3,11,1177,2166,552,3016,550,608,18,15,2,1,0,15,0,9,0
Antonin  Rolland,France,473,227.7,14,2114,2820,478,3308,786,502,18,8,2,8,0,13,0,20,0
Arnaud De Lie,Belgium,474,227.5,4,3404,120,1,1337,66,1228,23,4,0,19,0,1,0,2,0
Rino  Benedetti,Italy,475,227.4,13,2436,617,68,5392,231,95,17,10,0,7,0,15,0,17,0
Fabian  Jeker,Switzerland,476,227.2,16,1300,3292,1554,1650,718,206,21,13,8,0,6,16,0,15,0
Joseba  Beloki,Spain,477,226.8,10,152,3079,2382,691,1662,419,14,9,5,0,4,11,0,3,0
Andrea  Ferrigato,Italy,478,226.7,15,4132,524,52,3300,432,685,16,5,1,10,0,12,0,15,0
Carlos  Echeverría,Spain,479,226.4,11,1089,2838,1216,3117,179,140,20,9,5,6,1,14,0,6,0
Ferdi Van Den Haute,Belgium,480,225.9,13,3647,1278,1237,4220,161,126,20,14,0,6,1,7,0,24,0
Andy  Schleck,Luxembourg,481,225.8,11,1486,2639,397,453,2366,442,11,6,1,4,2,9,1,14,1
Jos  Huysmans,Belgium,482,225.9,15,4412,2145,395,3920,1313,825,13,7,1,5,0,16,0,26,0
Bruno  Monti,Italy,483,225.7,9,2731,1825,134,4474,498,55,15,11,2,2,0,9,0,15,0
Lucien  Teisseire,France,484,225.5,14,1604,1810,266,2054,636,734,16,10,2,4,0,9,0,10,0
João  Almeida,Portugal,485,225.6,8,421,3854,2308,127,3656,980,13,8,2,3,3,7,0,5,0
Bobby  Julich,United States,486,225.3,17,748,3884,4513,1063,1038,576,12,6,4,2,7,13,0,11,0
Reimund  Dietzen,Germany,487,224.2,9,544,2671,1878,1077,1212,259,21,12,6,3,3,13,0,1,0
Javier Francisco  Elorriaga,Spain,488,224.1,9,687,1385,1594,4808,10,0,36,29,4,3,4,10,0,4,0
Matthew  Goss,Australia,489,224.0,11,1660,398,94,3452,95,726,17,13,0,4,0,9,0,15,1
Mario  Ricci,Italy,490,223.4,14,3451,139,162,2110,509,242,16,7,0,9,0,7,0,13,2
George  Hincapie,United States,491,222.6,20,3727,1980,3508,4672,658,894,18,9,2,7,1,20,0,49,0
Francisco  Gabica,Spain,492,222.1,11,729,4380,3557,2219,824,109,16,11,1,4,5,20,1,4,0
Jasper  Stuyven,Belgium,493,222.0,14,4608,1273,284,2156,697,3239,9,3,1,5,0,12,0,26,1
Aleksandr  Vlasov,Russia,494,221.6,10,1418,3533,916,95,3791,1314,12,6,2,4,2,8,0,9,0
Domenico  Pozzovivo,Italy,495,220.3,23,2633,6513,819,832,6288,1812,13,11,2,0,0,25,0,25,0
Lars  Boom,Netherlands,496,219.9,16,1484,2101,2981,1762,145,585,24,15,6,3,7,8,0,25,0
Josef  Fuchs,Switzerland,497,219.0,12,1790,3896,2092,2014,536,34,13,7,1,5,2,11,0,11,1
Firmin  Lambot,Belgium,498,218.5,12,320,2434,0,1077,1970,0,8,6,2,0,0,10,2,5,0
Léon van Bon,Netherlands,499,217.9,20,4100,621,894,3698,258,294,19,11,1,7,0,14,0,38,0
Antonio  Karmany,Spain,500,217.4,9,853,1955,899,2326,18,0,21,14,2,5,3,11,0,0,0
Willy  Bocklant,Belgium,501,217.3,10,4352,593,262,3049,552,462,13,4,1,8,1,3,0,20,1
Roger  Rosiers,Belgium,502,217.0,16,5085,965,841,4289,230,22,12,3,2,7,1,8,0,26,1
Jos  Jacobs,Belgium,503,216.5,13,3345,659,496,4226,316,607,21,8,0,13,0,7,0,13,0
Francis  Pélissier,France,504,216.1,11,2204,435,50,2204,378,0,18,6,2,10,1,6,0,7,0
Olav  Kooij,Netherlands,505,216.2,5,1187,555,72,2431,48,767,33,27,3,3,0,1,0,1,0
Ole  Ritter,Denmark,506,216.0,12,2164,1474,2726,2256,414,115,15,10,1,4,9,10,0,12,0
Frans  Melckenbeeck,Belgium,507,215.4,11,2604,191,202,3381,50,178,23,16,0,7,0,5,0,8,1
Danny van Poppel,Netherlands,508,215.3,13,3170,660,393,4522,198,1598,20,14,0,6,2,11,0,16,0
Johan De Muynck,Belgium,509,215.0,13,1948,2941,1933,1802,624,253,12,8,2,2,1,13,1,14,0
Sergei  Ivanov,Russia,510,214.7,17,3235,1596,922,3040,560,674,26,13,2,11,2,12,0,34,0
Giovanni  Gerbi,Italy,511,214.4,15,2254,695,112,1918,324,0,17,2,2,13,0,8,0,8,1
Pedro  Muñoz,Spain,512,214.3,11,603,3470,1574,2182,433,9,19,14,2,3,1,18,0,2,0
Esteban  Chaves,Colombia,513,213.4,14,1203,3313,225,164,3766,1360,17,11,2,4,0,16,0,8,1
Lucien  Aimar,France,514,212.6,11,1912,4058,916,2266,1860,544,9,3,2,4,1,12,1,19,0
José Iván  Gutiérrez,Spain,515,212.0,16,931,2218,3633,1279,326,187,25,12,4,9,10,14,0,27,0
Marcel  Janssens,Belgium,516,210.4,13,3579,1067,542,2980,307,80,11,5,1,5,0,10,0,26,0
Nick  Nuyens,Belgium,517,210.2,14,2888,1115,761,1884,235,266,20,7,3,10,1,8,0,23,1
Simon  Špilak,Slovenia,518,209.9,15,685,4166,1379,392,1721,672,12,7,3,2,0,5,0,11,0
Ángel  Vicioso,Spain,519,209.3,20,1784,1708,1236,2312,546,668,24,15,1,8,1,17,0,27,0
Bernt  Johansson,Sweden,520,209.2,8,2062,798,833,1587,278,13,15,5,1,9,4,6,0,4,0
Michael  Rich,Germany,521,208.5,18,191,865,4757,251,2,0,31,16,3,12,27,3,0,11,0
Antonio  Barrutia,Spain,522,208.5,12,989,1093,192,3110,22,89,27,17,3,7,0,13,0,0,0
Pello  Bilbao,Spain,523,208.3,14,1313,4391,1075,450,4514,2020,17,15,0,2,1,16,0,9,0
Frédéric  Moncassin,France,524,207.6,11,2268,373,279,5336,212,758,23,18,1,4,0,7,0,18,0
Daniel Felipe  Martínez,Colombia,525,207.4,10,728,2809,1203,34,2408,736,15,6,3,6,5,10,0,11,0
Thierry  Claveyrolat,France,526,207.0,13,1257,2107,63,2288,818,132,22,14,2,6,0,11,0,1,0
Matti  Breschel,Denmark,527,206.4,16,3243,1274,41,3716,520,1042,22,18,1,3,0,9,0,36,0
Juan Carlos  Domínguez,Spain,528,205.9,15,173,3096,3032,1086,160,186,23,12,11,0,6,14,0,6,0
Joseph  Demuysere,Belgium,529,205.6,9,1336,2024,280,3580,232,0,7,4,0,3,0,8,0,9,1
Stefano  Colagè,Italy,530,205.6,15,3726,897,166,3008,353,508,14,4,1,9,1,15,0,16,0
Diego  Ronchini,Italy,531,205.8,12,2765,1084,1232,1841,382,130,9,1,0,8,1,10,0,15,1
Jesper  Skibby,Denmark,532,205.1,15,1873,1594,2095,2708,794,933,20,18,1,1,1,22,0,18,0
Vasil  Kiryienka,Belarus,533,205.0,20,506,1538,4521,510,1276,598,20,8,1,11,11,20,0,18,0
Victor Van Schil,Belgium,534,204.8,16,4455,1649,730,4294,941,400,15,4,0,11,0,21,0,28,0
Sylvain  Grysolle,Belgium,535,204.9,15,3094,234,0,2325,182,0,23,10,0,13,0,0,0,13,1
Eric Van Lancker,Belgium,536,204.6,13,2465,1246,414,1672,458,101,14,10,0,4,0,12,0,14,1
Danilo  Napolitano,Italy,537,204.4,17,1568,276,8,6190,16,268,38,32,0,6,0,6,0,10,0
Jo  Planckaert,Belgium,538,204.0,14,4575,383,0,5444,42,24,19,10,2,7,0,2,0,26,0
Michael  Woods,Canada,539,204.0,12,2973,2225,40,186,4232,1675,15,11,2,2,0,11,0,16,0
Erich  Mächler,Switzerland,540,203.9,13,1630,1347,1689,1380,218,5,20,13,2,5,5,16,0,18,1
Ben  Hermans,Belgium,541,203.8,19,1612,3455,617,923,1726,876,19,11,5,3,1,7,0,16,0
Cyrille Van Hauwaert,Belgium,542,203.1,8,2783,630,0,1635,1016,0,8,3,0,5,0,4,0,13,2
Juan Antonio  Flecha,Spain,543,202.9,14,4037,1809,680,2606,665,748,8,4,1,3,0,19,0,43,0
Vicente  Iturat,Spain,544,202.3,14,726,1508,145,5206,76,103,18,14,1,3,1,13,0,0,0
Roberto  Poggiali,Italy,545,201.9,17,3637,2440,435,2521,547,64,9,2,1,6,0,19,0,27,0
Lucien  Buysse,Belgium,546,202.2,15,1229,1864,0,1816,950,0,8,7,1,0,0,10,1,9,0
Angel  Arroyo,Spain,547,201.9,11,865,3052,1446,1642,1116,110,18,14,2,2,3,17,0,1,0
Max van Heeswijk,Netherlands,548,201.7,15,2216,480,248,4254,49,214,37,32,0,5,0,10,0,20,0
Paolo  Rosola,Italy,549,201.1,12,593,234,60,3830,90,158,24,22,0,2,0,13,0,4,0
Urs  Zimmermann,Switzerland,550,201.1,12,911,2732,857,1207,486,44,9,3,4,2,0,11,0,6,0
Gerald  Ciolek,Germany,551,200.7,12,1977,716,177,4242,204,637,24,19,1,4,0,7,0,14,1
Dylan  Teuns,Belgium,552,199.9,13,2031,2686,528,435,2728,2230,14,10,3,1,1,8,0,22,0
Gustaaf  Deloor,Belgium,553,199.5,6,460,1410,131,1883,218,0,11,8,2,1,0,3,2,4,0
Franco  Pellizotti,Italy,554,199.0,18,2674,3040,1011,1516,3545,1383,12,7,1,4,1,19,0,35,0
Gianni  Faresin,Italy,555,197.9,19,4554,2288,969,1918,876,506,11,3,1,7,0,21,0,24,1
David  Etxebarria,Spain,556,197.6,12,2099,2013,739,2780,1091,646,16,13,1,2,1,12,0,14,0
Henry  Anglade,France,557,197.5,11,946,3614,2250,2348,1052,230,12,5,2,5,0,11,0,8,0
Fabian  Wegmann,Germany,558,197.6,18,4700,864,108,2306,868,550,16,3,1,12,0,11,0,36,0
Tony  Gallopin,France,559,196.4,17,3129,2384,1086,1269,2250,2376,12,8,1,3,2,16,0,28,0
Jozef  Lieckens,Belgium,560,196.2,12,3215,399,180,4150,171,644,19,13,1,5,0,6,0,14,0
Antoon  Houbrechts,Belgium,561,195.6,15,3140,3503,1310,2533,1480,304,15,7,3,5,2,13,0,27,0
Enric  Mas,Spain,562,195.5,10,742,4293,656,67,4894,1188,6,4,1,1,0,12,0,10,0
Rolf  Maurer,Switzerland,563,195.5,10,1496,2359,1230,2334,22,27,10,6,2,2,1,5,0,7,0
Udo  Bölts,Germany,564,194.9,16,2532,2968,1142,1963,1142,280,20,9,2,9,1,18,0,20,0
Leo van Vliet,Netherlands,565,194.9,10,1848,1225,317,3626,431,730,23,18,1,4,0,6,0,9,0
Ronald De Witte,Belgium,566,194.7,15,3493,1959,513,3234,750,317,11,8,0,3,0,15,0,21,0
Hendrik  Redant,Belgium,567,194.6,12,3799,419,76,4120,96,222,22,11,1,10,0,10,0,18,0
Rinaldo  Nocentini,Italy,568,194.7,21,3179,2472,346,2147,1743,1466,17,9,1,7,0,17,0,27,0
Rolf  Järmann,Switzerland,569,194.3,13,1522,1794,342,2051,236,319,15,9,2,4,0,12,0,21,0
Nello  Lauredi,France,570,194.2,10,632,2531,1098,1997,789,490,12,8,3,1,2,13,0,10,0
Markus  Zberg,Switzerland,571,193.7,14,3979,1344,245,4305,596,204,11,6,0,5,0,5,0,34,0
Gregor  Braun,Germany,572,194.0,11,2064,1068,2319,1438,38,42,22,11,4,7,5,8,0,17,0
Miguel Ángel  Martín Perdiguero,Spain,573,193.9,10,1868,1208,484,3402,763,694,21,14,2,5,1,11,0,15,0
Michele  Mara,Italy,574,193.8,8,1958,390,0,2119,369,0,14,8,0,6,0,7,0,10,2
Magnus  Cort,Denmark,575,193.5,13,1054,1138,775,1920,933,2246,27,26,0,1,0,12,0,17,0
Andreas  Kappes,Germany,576,193.2,16,2632,1143,168,4668,186,408,25,19,1,5,0,10,0,19,0
Giancarlo  Astrua,Italy,577,193.0,11,2058,2166,1192,2320,730,280,8,5,0,3,2,15,0,13,0
Michael  Wright,Great Britain,578,192.9,15,2001,1090,258,3534,786,1154,18,13,0,5,0,11,0,11,0
Pello  Ruíz Cabestany,Spain,579,192.6,12,714,3270,2652,1955,1610,743,17,13,3,1,4,17,0,9,0
Bartolomeo  Aimo,Italy,580,192.4,11,1678,1990,0,2468,852,0,9,8,0,1,0,9,0,11,0
Romain  Feillu,France,581,192.1,15,3094,504,252,5186,79,437,20,11,2,7,0,6,0,3,0
Endrio  Leoni,Italy,582,191.1,13,776,80,100,4696,10,98,26,22,0,4,0,13,0,7,0
Fabio  Aru,Italy,583,191.1,12,931,3573,580,182,4034,1114,9,7,1,1,0,14,1,8,0
Jesús  Herrada,Spain,584,190.8,16,2021,2285,912,481,2026,1366,21,13,1,7,0,14,0,23,0
Rein  Taaramäe,Estonia,585,190.8,18,737,2974,1547,554,1823,662,22,6,4,12,8,19,0,14,0
Giovanni  Mantovani,Italy,586,190.4,13,2341,373,80,3904,328,146,19,13,1,5,0,10,0,7,0
Sep  Vanmarcke,Belgium,587,190.1,17,4870,781,267,1938,380,1746,9,4,1,4,0,7,0,28,0
Jos  Hoevenaers,Belgium,588,190.3,10,2510,1690,392,3626,940,410,9,3,1,5,0,11,0,18,0
Éric  Caritoux,France,589,189.7,13,1596,4858,1020,2494,984,247,13,6,2,5,0,17,1,12,0
Achiel  Buysse,Belgium,590,189.5,11,3246,0,0,1890,64,0,13,1,0,12,0,0,0,16,3
Kurt-Asle  Arvesen,Norway,591,189.5,15,2243,1570,1048,2192,318,576,20,6,4,10,2,11,0,25,0
Fermo  Camellini,France,592,189.4,13,1896,1729,618,2094,796,460,12,4,1,7,2,5,0,12,0
Angelino  Soler,Spain,593,188.4,9,384,2499,845,1635,320,82,17,12,4,1,0,8,1,2,0
Robert  Hunter,South Africa,594,187.7,16,1038,1111,1327,4185,68,483,35,29,2,4,2,17,0,28,0
Peter  Post,Netherlands,595,187.7,13,2364,1166,332,2264,152,32,17,8,3,6,1,1,0,10,1
Ronan  Pensec,France,596,187.4,13,1468,3516,982,2120,704,350,9,3,3,3,0,10,0,13,0
Antonio  Gelabert,Spain,597,186.7,11,735,1793,246,2643,388,100,22,14,3,5,0,9,0,0,0
Marcel  Buysse,Belgium,598,185.5,9,857,1182,0,2105,664,0,10,8,0,2,0,7,0,5,1
Jacky  Durand,France,599,185.1,17,1615,903,2069,1926,151,709,18,11,0,7,2,15,0,25,1
Enrico  Gasparotto,Switzerland,600,184.8,17,3247,1443,533,1967,1330,1830,10,4,1,5,0,14,0,30,0
Jesús  Blanco,Spain,601,184.7,15,440,2939,3383,1162,626,480,24,19,5,0,9,14,0,0,0
Lech  Piasecki,Poland,602,184.3,8,186,333,2550,479,0,0,21,12,3,6,11,7,0,0,0
Martin Van Geneugden,Belgium,603,184.0,11,2241,438,54,3321,358,220,22,15,0,7,0,11,0,15,0
Francesco  Camusso,Italy,604,184.2,10,774,1690,477,2464,366,0,9,8,1,0,0,14,1,8,0
Giovanni  Cuniolo,Italy,605,183.6,9,2379,140,0,1766,58,0,19,1,0,18,0,2,0,6,1
Aitor  González,Spain,606,183.3,6,231,1602,1812,738,892,619,15,11,3,1,5,10,1,2,0
Johan  Bruyneel,Belgium,607,183.3,12,1155,2274,2666,1528,874,557,16,13,0,3,3,9,0,8,0
Graeme Allen  Brown,Australia,608,181.9,17,1571,243,62,5399,16,142,26,22,0,4,0,9,0,4,0
Romain  Bellenger,France,609,181.8,11,1447,930,0,2406,971,0,16,7,1,8,0,8,0,5,0
Biniam  Girmay,Eritrea,610,181.7,6,2187,73,112,1004,226,1660,16,10,0,6,1,4,0,5,0
Giuseppe  Martano,Italy,611,181.8,9,648,1545,782,2644,212,0,8,5,2,1,0,10,0,5,0
Federico  Gay,Italy,612,181.1,9,2219,1255,0,2472,771,0,9,5,1,3,0,7,0,14,0
Ángel  Edo,Spain,613,180.9,17,1008,888,120,6172,169,998,41,39,1,1,0,15,0,8,0
Stefan  Mutter,Switzerland,614,180.5,12,2458,2359,1272,3269,688,535,8,5,1,2,1,10,0,20,0
Wladimir  Belli,Italy,615,180.1,17,1956,4458,1683,1870,1889,572,7,4,1,2,1,22,0,21,0
Maximilian  Schachmann,Germany,616,180.2,12,1384,1813,1640,166,1839,1658,14,9,2,3,1,6,0,9,0
François  Mahé,France,617,180.0,16,1758,3378,682,3359,436,140,9,8,0,1,0,15,0,24,0
Jules Van Hevel,Belgium,618,179.9,13,2440,200,0,1638,26,0,16,3,1,12,0,1,0,11,2
Arie den Hartog,Netherlands,619,179.9,9,1539,1674,706,1609,136,140,13,5,2,6,1,7,0,13,1
Jean  Rossius,Belgium,620,179.6,11,1920,920,0,1940,1001,0,9,5,1,3,0,7,0,11,0
Yauheni  Hutarovich,Belarus,621,179.3,13,2368,228,18,4878,23,230,29,21,0,8,0,5,0,13,0
Jans  Koerts,Netherlands,622,178.6,15,2547,37,42,4866,27,40,28,17,0,11,0,3,0,12,0
Albert Van Vlierberghe,Belgium,623,178.2,14,2260,817,9,3519,140,418,15,8,0,7,0,17,0,11,0
Roger  Decock,Belgium,624,178.2,13,3525,627,765,2621,389,255,12,4,1,7,1,4,0,22,1
Guido De Rosso,Italy,625,178.3,9,2439,1866,824,2104,532,117,12,2,1,9,0,9,0,9,0
Fred  Rodriguez,United States,626,178.0,18,2126,657,152,4524,111,878,25,17,0,8,0,10,0,9,0
Fabiano  Fontanelli,Italy,627,177.6,15,1948,432,277,3250,66,133,27,18,2,7,1,20,0,20,0
Cino  Cinelli,Italy,628,177.3,9,2182,396,166,1453,468,0,13,6,1,6,0,4,0,12,2
Malcolm  Elliott,Great Britain,629,176.5,17,501,728,401,3429,480,762,38,34,2,2,3,8,0,1,0
Steffen  Wesemann,Switzerland,630,176.5,18,2812,875,904,2510,64,217,20,13,3,4,3,11,0,39,1
Jesús  Suárez,Spain,631,176.2,13,900,975,94,5138,284,277,26,21,3,2,1,14,0,3,0
Edgard  Sorgeloos,Belgium,632,175.6,15,1938,1303,58,4078,72,153,13,6,0,7,0,18,0,23,0
Romain  Maes,Belgium,633,175.4,6,1121,632,980,1820,71,0,10,6,2,2,1,4,1,7,0
Rubén  Plaza,Spain,634,175.3,18,450,2409,2022,698,1126,470,26,17,6,3,5,14,0,11,0
Jan  Bogaert,Belgium,635,175.3,17,3138,480,543,4360,78,46,42,31,1,10,1,4,0,12,0
Odiel  Defraeye,Belgium,636,175.1,8,612,684,0,1494,484,0,13,9,2,2,0,7,1,5,1
Bruno  Leali,Italy,637,174.9,16,2570,1237,470,1832,155,435,9,5,1,3,1,24,0,18,0
Eduardo  Chozas,Spain,638,174.7,15,819,3851,612,1815,964,321,18,13,3,2,0,27,0,9,0
Eddy  Peelman,Belgium,639,174.6,11,954,201,2,3282,6,6,29,26,0,3,0,8,0,4,0
Bob  Jungels,Luxembourg,640,174.4,14,1195,2619,2691,400,1642,1275,25,7,1,17,10,13,0,16,1
Ramón  Saéz,Spain,641,174.5,8,738,437,493,3602,26,66,27,21,1,5,1,8,0,1,0
Angelo  Gremo,Italy,642,174.7,14,2622,1205,156,1960,510,0,9,1,0,8,1,12,0,24,1
Stijn  Devolder,Belgium,643,174.4,21,1734,1866,2516,928,418,231,18,6,5,7,7,8,0,40,2
Jacques  Bossis,France,644,174.2,11,2290,1238,1102,2220,232,224,15,8,0,7,4,8,0,10,0
Charles  Crupelandt,France,645,173.9,7,1665,560,0,880,904,0,9,4,0,5,0,7,0,8,2
Max  Bulla,Austria,646,173.5,13,1041,904,0,2674,116,100,16,10,1,5,0,6,0,1,0
Francisco Antonio  Andrés,Spain,647,173.4,14,126,2454,1514,2365,38,0,19,11,5,3,8,7,0,0,0
Victor  Fontan,France,648,173.1,7,228,1814,0,1584,241,0,12,7,4,1,0,5,0,1,0
Glauco  Servadei,Italy,649,172.4,14,2108,468,128,3322,342,0,10,8,0,2,0,8,0,12,0
Marc  Wauters,Belgium,650,172.4,18,1988,1714,2496,1649,73,178,17,6,3,8,7,15,0,46,0
Oreste  Conte,Italy,651,172.2,15,1280,145,140,2594,221,0,16,14,0,2,0,10,0,17,0
Benoni  Beheyt,Belgium,652,172.1,5,2622,315,38,2450,424,884,8,3,1,4,0,3,0,11,0
Jakub  Mareczko,Italy,653,172.0,11,502,385,20,4618,4,244,49,47,2,0,0,6,0,4,0
Heinrich  Haussler,Australia,654,172.1,20,3054,840,276,3836,170,994,22,20,0,2,0,12,0,43,0
Gianni  Meersman,Belgium,655,171.5,13,1228,970,328,2592,392,1309,20,16,1,3,2,8,0,6,0
Roger  Hassenforder,France,656,171.5,9,939,221,116,1858,32,22,18,13,1,4,0,7,0,7,0
Francisco José  Ventoso,Spain,657,171.1,18,1952,1033,161,3582,203,641,27,21,2,4,0,18,0,37,0
Denis  Verschueren,Belgium,658,171.1,11,2249,162,0,1572,35,0,13,4,1,8,0,1,0,7,1
Pierino  Favalli,Italy,659,170.9,8,2627,40,30,1430,294,0,12,1,0,11,0,3,0,10,1
Salvador  Cardona,France,660,170.6,9,116,2030,54,2076,226,0,26,20,4,2,1,7,0,0,0
Kenny van Hummel,Netherlands,661,170.5,13,2225,359,29,5479,37,60,23,17,1,5,0,2,0,5,0
Alessandro  Bertolini,Italy,662,170.6,21,2768,500,38,2086,464,261,20,9,1,10,0,16,0,22,0
Martin  Elmiger,Switzerland,663,170.1,19,2960,1838,1403,2690,412,748,15,4,3,8,0,9,0,47,0
Frans  Schoubben,Belgium,664,170.0,9,3361,325,88,2612,221,0,14,7,0,7,0,3,0,23,1
Paul  Egli,Switzerland,665,169.9,11,2015,647,140,2342,41,90,12,6,0,6,0,3,0,3,0
Jean  Brankart,Belgium,666,169.7,8,739,2246,2658,1319,434,0,10,9,1,0,7,9,0,7,0
Hippolyte  Aucouturier,France,667,169.6,8,1460,380,0,809,835,0,9,5,0,4,0,5,0,5,2
Francesco  Gavazzi,Italy,668,169.4,19,2993,1395,43,2082,1142,2030,13,10,0,3,0,11,0,32,0
Gert  Steegmans,Belgium,669,169.2,16,1471,735,279,3226,40,50,26,17,1,8,0,10,0,15,0
Georges  Vanconingsloo,Belgium,670,168.5,12,3653,328,43,2644,194,112,12,4,0,8,0,4,0,19,0
Andrés  Oliva,Spain,671,168.3,12,965,2249,444,2724,290,22,13,8,1,4,0,15,0,0,0
Yves  Hézard,France,672,168.1,12,1318,2658,3023,1266,842,220,15,8,3,4,2,8,0,13,0
Juan José  Haedo,Argentina,673,167.9,11,892,176,14,3874,45,234,27,20,0,7,0,7,0,2,0
Guido Van Calster,Belgium,674,167.4,12,2135,1127,350,4178,870,324,14,12,0,2,0,16,0,18,0
Julien  Simon,France,675,167.3,18,3390,1225,209,1548,904,2022,13,4,0,9,0,10,0,15,0
Eberardo  Pavesi,Italy,676,167.5,14,1690,1278,0,2158,514,0,10,5,0,5,0,9,0,13,0
Léon  Scieur,Belgium,677,167.4,10,1065,1360,0,1172,1246,0,6,4,1,1,0,8,1,12,1
Pierre-Raymond  Villemiane,France,678,166.9,11,1218,1382,394,2362,640,417,17,10,1,6,0,8,0,1,0
Patrice  Halgand,France,679,166.8,14,1656,1581,114,2340,474,392,24,16,4,4,0,13,0,7,0
Alfredo  Sivocci,Italy,680,166.8,17,2340,1203,252,2471,602,0,9,5,1,3,1,10,0,23,0
José Joaquín  Rojas,Spain,681,166.6,19,3020,1991,129,4626,1388,3160,10,6,0,4,0,22,0,37,0
Vicente  Carretero,Spain,682,166.7,13,419,923,439,3591,79,0,18,17,0,1,0,6,0,0,0
Bruno  Mealli,Italy,683,166.6,9,2457,413,60,2221,116,8,13,5,0,8,0,8,0,7,0
Loretto  Petrucci,Italy,684,166.3,7,2670,65,26,1091,118,0,6,1,0,5,0,3,0,14,2
Louis  Caput,France,685,166.2,13,1630,444,4,2454,200,392,16,8,2,6,0,11,0,13,0
Aitor  Garmendia,Spain,686,165.8,15,382,2762,3153,723,279,26,17,11,4,2,7,15,0,6,0
Luc  Roosen,Belgium,687,165.5,13,2745,1824,44,2172,582,61,13,10,1,2,0,8,0,17,0
Thomas  Dekker,Netherlands,688,165.6,10,1058,2054,2136,1106,272,93,18,10,3,5,7,5,0,12,0
Kasper  Asgreen,Denmark,689,165.4,9,1594,776,2190,357,482,1410,13,5,0,8,5,6,0,16,1
Teun van Vliet,Netherlands,690,164.8,10,2248,975,184,2260,260,254,13,9,1,3,0,6,0,8,0
Beat  Breu,Switzerland,691,164.6,14,608,3211,1018,1025,765,189,12,8,2,2,5,12,0,4,0
Andrea  Guardini,Italy,692,164.5,13,241,167,1,5200,26,68,43,43,0,0,0,3,0,5,0
Dylan van Baarle,Netherlands,693,164.2,14,2631,1429,1298,626,514,1468,8,1,2,5,1,14,0,24,1
Francis  Castaing,France,694,164.0,10,1320,458,234,3614,75,614,27,23,1,3,0,5,0,3,0
Oliver  Naesen,Belgium,695,163.6,11,4228,1423,49,1313,415,2268,5,1,0,4,0,9,0,25,0
Jean-Claude  Leclercq,France,696,163.6,10,2034,1408,1028,1858,360,100,13,10,0,3,4,8,0,11,0
Robert  Cazala,France,697,163.2,10,915,1436,210,2648,191,226,21,16,3,2,0,11,0,10,0
Wilco  Kelderman,Netherlands,698,163.1,15,648,5803,2650,492,4791,2346,4,2,1,1,3,17,0,13,0
Leo  Amberg,Switzerland,699,163.1,10,1270,1709,512,2485,82,220,11,7,0,4,1,7,0,1,0
Theo  Bos,Netherlands,700,162.5,7,813,247,56,3132,4,48,37,29,1,7,0,3,0,3,0
Gérard  Rué,France,701,162.5,11,2161,1837,479,1820,460,174,12,6,2,4,0,14,0,15,0
Igor  González de Galdeano,Spain,702,162.0,11,224,2604,2953,994,1006,396,12,9,1,2,3,14,0,6,0
Tiesj  Benoot,Belgium,703,161.8,12,4699,1890,83,895,2552,2758,4,2,0,2,0,9,0,27,0
Martial  Gayant,France,704,161.7,12,2605,1246,469,2230,724,392,9,4,1,4,0,7,0,15,0
Armand  Desmet,Belgium,705,161.7,13,2644,2180,136,2688,716,142,7,4,1,2,0,13,0,25,0
Bernard  Vallet,France,706,161.3,14,1459,2070,1530,1890,766,706,17,11,3,3,2,11,0,11,0
Theo de Rooij,Netherlands,707,161.0,13,1970,1653,532,2173,437,343,14,8,1,5,2,13,0,12,0
Roger  Rivière,France,708,160.9,6,130,1076,1540,906,154,6,16,13,2,1,9,3,0,2,0
Marc  Sergeant,Belgium,709,160.7,16,4230,1504,1208,3300,476,958,11,8,1,2,0,13,0,40,0
Bruno  Cornillet,France,710,160.0,13,1920,2443,740,1952,508,107,18,12,2,4,1,12,0,15,0
Herman  Frison,Belgium,711,159.9,14,3032,679,340,3020,72,210,13,6,1,6,0,9,0,18,0
Mathias  Clemens,Luxembourg,712,159.7,13,372,2119,819,2068,96,105,19,12,5,2,2,4,0,0,0
Gustaaf  Desmet,Belgium,713,159.7,11,2998,237,42,3078,18,35,13,3,1,9,0,1,0,8,0
Pierre  Molinéris,France,714,159.4,10,1618,1096,45,1722,928,406,13,5,1,7,0,8,0,8,0
Giuseppe  Azzini,Italy,715,159.4,11,2282,350,220,1550,489,0,8,4,0,4,2,6,0,16,0
Robert  Förster,Germany,716,159.2,16,975,336,174,4694,54,693,28,25,0,3,0,13,0,7,0
Grega  Bole,Slovenia,717,159.3,19,1896,1222,198,2605,460,1050,19,13,1,5,0,11,0,11,0
Louis  Thiétard,France,718,159.2,15,2374,897,481,3016,400,65,10,4,0,6,0,8,0,10,0
Ivan  Gotti,Italy,719,158.6,14,889,2550,702,1062,1252,202,6,3,2,1,0,16,2,7,0
Cesare Del Cancia,Italy,720,158.3,8,1557,1125,216,1984,291,0,8,3,0,5,0,6,0,9,1
Arrigo  Padovan,Italy,721,158.0,12,1676,1006,159,3604,322,158,8,6,0,2,0,14,0,18,0
Francesco  Chicchi,Italy,722,157.7,15,1245,65,1,4694,17,134,32,27,0,5,0,6,0,10,0
Maximiliano  Richeze,Argentina,723,157.9,18,1291,543,151,3822,275,1362,17,14,0,3,0,16,0,14,0
Gustaaf Van Roosbroeck,Belgium,724,157.6,13,3057,464,38,3600,161,267,15,6,1,8,0,4,0,11,0
Emmanuel  Magnien,France,725,157.4,11,2140,998,631,3306,418,757,20,14,2,4,0,9,0,22,0
Georges  Claes,Belgium,726,157.2,13,2978,150,10,1792,50,0,7,1,1,5,0,0,0,15,2
José  Segu,Spain,727,156.4,13,525,1262,292,3492,97,130,21,17,2,2,0,8,0,3,0
Stefano Della Santa,Italy,728,156.2,12,2082,1927,461,1176,506,42,10,4,4,2,1,6,0,11,0
Honoré  Barthélémy,France,729,156.2,11,1380,940,0,1751,839,0,8,4,1,3,0,8,0,5,0
Carlo  Clerici,Switzerland,730,156.1,7,1154,1885,726,1639,70,0,5,1,1,3,1,8,1,4,0
Roberto  Pagnin,Italy,731,156.2,14,1495,280,432,2830,489,518,15,11,1,3,0,16,0,10,0
Michael  Valgren,Denmark,732,155.9,13,2857,1178,453,446,950,1852,8,1,2,5,0,10,0,22,0
Nico  Mattan,Belgium,733,155.9,15,3038,948,1667,2463,223,484,8,4,1,3,3,6,0,24,0
Linus  Gerdemann,Germany,734,155.7,13,648,2277,1219,1099,506,500,15,8,5,2,0,8,0,5,0
Igor  Antón,Spain,735,155.2,15,1139,2901,364,316,2870,581,14,11,2,1,1,21,0,11,0
Mario  Vicini,Italy,736,155.3,14,1561,1543,627,2288,190,0,7,3,0,4,0,12,0,11,0
Eulalio  García,Spain,737,154.9,9,475,1652,1712,1759,35,35,26,21,3,2,5,11,0,1,0
José Luis  Viejo,Spain,738,154.6,12,537,1621,1811,2816,296,354,22,17,2,3,2,14,0,0,0
Julien  Vervaecke,Belgium,739,154.4,11,1936,1656,0,2432,674,0,6,2,0,4,0,6,0,12,1
Damiano  Caruso,Italy,740,154.5,18,835,4523,1310,636,4230,1576,7,5,1,1,0,19,0,28,0
Luis  Otaño,Spain,741,154.4,12,796,3001,2112,2270,292,234,14,12,0,2,2,18,0,9,0
Ad  Wijnands,Netherlands,742,154.2,16,1998,599,205,2816,186,257,19,11,2,6,0,6,0,9,0
Jai  Hindley,Australia,743,154.1,9,358,3082,152,122,2828,724,9,6,3,0,0,8,1,7,0
Sergio  Barbero,Italy,744,153.9,17,3100,390,14,1496,210,28,11,2,0,9,0,12,0,21,0
Mikel  Zarrabeitia,Spain,745,153.6,13,871,3834,1700,1265,834,458,9,4,2,3,1,11,0,12,0
Émile  Idée,France,746,153.7,11,2175,40,308,1572,134,204,13,2,0,11,0,4,0,6,0
Pascal  Simon,France,747,153.5,14,1365,4559,1963,1661,1252,218,10,6,2,2,1,13,0,15,0
André  Rosseel,Belgium,748,153.3,11,2420,838,144,2418,326,342,14,10,3,1,0,5,0,21,0
Dag Erik  Pedersen,Norway,749,153.4,13,2072,1278,580,2114,228,10,17,12,3,2,1,6,0,11,0
Louis  Rostollan,France,750,153.4,11,769,2170,425,1195,264,102,11,3,4,4,1,11,0,3,0
Bo  Hamburger,Denmark,751,152.5,16,3048,2464,389,2558,1084,974,10,8,0,2,0,16,0,29,0
Raimondas  Rumšas,Lithuania,752,152.1,12,1082,2015,1599,921,994,376,12,6,1,5,5,3,0,8,1
László  Bodrogi,France,753,152.1,18,717,1025,5454,688,54,180,25,7,3,15,17,7,0,16,0
Søren Kragh Andersen,Denmark,754,151.8,12,1492,1316,1829,738,384,1335,9,7,0,2,2,7,0,24,0
Pedro  Torres,Spain,755,152.0,10,832,4211,2349,2330,979,266,5,4,0,1,2,15,0,1,0
Igor  Astarloa,Spain,756,151.9,10,2508,527,149,1552,413,231,9,4,1,4,0,7,0,17,0
Vasco  Bergamaschi,Italy,757,151.8,13,1661,855,564,2701,254,0,8,4,1,3,0,11,1,12,0
Björn  Leukemans,Belgium,758,151.3,16,4055,954,11,3196,338,464,13,6,1,6,0,4,0,33,0
Alexandr  Kolobnev,Russia,759,150.9,16,3934,1272,22,1120,1186,531,7,4,0,3,0,12,0,26,0
Enrique  Martinez,Spain,760,150.6,11,549,1816,829,2672,181,136,23,16,2,5,0,12,0,1,0
Luca  Mazzanti,Italy,761,150.7,18,4443,973,7,2569,857,182,9,4,0,5,0,14,0,39,0
Paul  Maye,France,762,150.5,9,1465,36,78,1391,38,0,11,2,0,9,0,6,0,2,1
Willy Van Neste,Belgium,763,150.5,12,2165,1950,342,2385,732,427,9,6,1,2,0,10,0,4,0
Edward Van Dijck,Belgium,764,150.4,12,1894,737,362,1820,404,190,10,7,1,2,2,3,1,10,0
Niki  Rüttimann,Switzerland,765,150.0,9,1005,2365,623,1428,717,155,10,6,3,1,0,8,0,12,0
Vladimir  Karpets,Russia,766,150.0,14,393,3833,2872,540,817,438,7,3,3,1,2,17,0,2,0
Stephan  Joho,Switzerland,767,149.9,8,967,423,714,2756,35,0,25,20,1,4,2,4,0,7,0
Sergio  Henao,Colombia,768,149.7,17,1621,3572,561,482,3050,1569,8,5,1,2,1,14,0,13,0
Rudy  Pevenage,Belgium,769,149.7,13,2669,834,200,2900,545,531,5,2,0,3,0,10,0,14,0
Ricardo  Montero,Spain,770,149.5,10,971,1044,0,1180,38,140,22,10,4,8,0,0,0,0,0
Gilles  Delion,France,771,149.5,8,2454,1115,52,1277,538,284,7,2,0,5,0,5,0,14,1
René  Pottier,France,772,149.1,2,560,500,0,275,658,0,7,5,1,1,0,2,1,2,0
Thomas  Wegmuller,Switzerland,773,149.0,8,2201,535,1116,1379,218,157,13,5,0,8,1,5,0,18,0
David  Gaudu,France,774,148.8,9,1679,2741,142,35,3610,1090,10,8,0,2,0,8,0,9,0
Luka  Mezgec,Slovenia,775,148.9,15,1583,628,33,2979,238,2207,19,16,0,3,0,15,0,20,0
Ryder  Hesjedal,Canada,776,149.0,15,1726,2571,826,526,2887,935,5,3,1,1,1,17,1,18,0
Fabio  Felline,Italy,777,148.8,16,1772,1457,1243,1008,1293,1284,14,8,1,5,2,15,0,24,0
Oliverio  Rincón,Colombia,778,148.5,9,447,2303,705,1027,1280,133,12,10,1,1,1,10,0,0,0
Thomas De Gendt,Belgium,779,148.2,18,248,1287,2230,467,1632,1388,17,17,0,0,0,24,0,17,0
Giovanni  Rossignoli,Italy,780,148.2,20,1631,1975,0,2144,382,0,7,3,0,4,0,19,0,13,0
Martin Van Den Bossche,Belgium,781,148.1,12,2135,1484,709,2101,1122,142,5,2,0,3,1,10,0,10,0
Alessandro  Fantini,Italy,782,148.1,7,1121,734,122,2891,194,75,14,13,0,1,0,9,0,10,0
Ethan  Hayter,Great Britain,783,148.1,8,635,1297,1141,312,702,1472,19,13,2,4,3,1,0,4,0
Raymond  Louviot,France,784,147.8,16,1534,923,149,2799,9,0,17,7,1,9,1,4,0,2,0
Fausto  Bertoglio,Italy,785,147.7,9,464,2138,1690,886,468,96,10,6,3,1,4,9,1,4,0
José  Serra,Spain,786,147.4,13,300,2590,426,2240,308,210,13,10,1,2,3,13,0,0,0
Hortensio  Vidaurreta,Spain,787,147.5,12,1592,344,41,2227,10,0,21,9,1,11,0,8,0,0,0
Sean  Yates,Great Britain,788,147.2,17,1343,1198,2935,1727,64,355,20,14,1,5,7,17,0,26,0
Romain  Gijssels,Belgium,789,146.9,7,2167,100,22,1362,30,45,7,2,0,5,0,2,0,7,3
André  Declerck,Belgium,790,147.0,13,3210,57,0,2272,122,0,11,3,0,8,0,1,0,13,0
Dirk De Wolf,Belgium,791,146.6,13,2707,461,73,1398,193,146,10,5,1,4,0,8,0,20,1
Warren  Barguil,France,792,146.7,14,2610,2946,100,278,3844,1866,8,5,1,2,0,15,0,20,0
Emanuele  Sella,Italy,793,146.6,13,1457,1567,269,1028,1396,250,13,8,2,3,1,9,0,13,0
Mattias  Skjelmose,Denmark,794,146.4,5,1031,1885,930,118,1712,1158,11,6,2,3,2,2,0,4,0
Ilnur  Zakarin,Russia,795,146.2,11,416,3286,1200,172,2870,755,8,4,2,2,2,11,0,7,0
Pieter  Weening,Netherlands,796,145.8,20,807,2801,405,569,1158,706,13,10,2,1,0,16,0,22,0
Brandon  McNulty,United States,797,145.9,8,869,2033,1885,54,1684,876,13,6,2,5,4,5,0,4,0
Rik  Verbrugghe,Belgium,798,145.6,13,1293,1254,2388,841,541,576,14,10,1,3,6,16,0,17,0
Antonio  Negrini,Italy,799,145.7,13,1914,1050,0,1920,393,0,7,2,1,4,0,8,0,16,1
Jean  Goldschmit,Luxembourg,800,145.2,9,117,2206,867,1364,500,542,19,15,2,2,1,8,0,3,0
Arnaldo  Pambianco,Italy,801,145.2,9,1199,1956,534,1588,595,314,5,1,2,2,0,13,1,11,0
Graziano  Battistini,Italy,802,145.3,10,1583,2127,692,2251,854,278,6,5,0,1,0,14,0,15,0
Timothy  Dupont,Belgium,803,145.2,15,3594,204,3,5464,17,355,12,8,0,4,0,1,0,5,0
Giacinto  Santambrogio,Italy,804,145.1,12,1412,791,175,1604,432,352,11,6,1,4,0,15,0,8,0
Sven-Åke  Nilsson,Sweden,805,144.9,13,1341,3210,691,1232,1312,222,10,5,3,2,0,8,0,9,0
Alfons  Deloor,Belgium,806,144.8,8,1449,1426,118,1692,228,0,6,2,0,4,0,4,0,9,1
José Enrique  Cima,Spain,807,144.8,7,418,1496,1923,1561,70,0,15,13,1,1,7,7,0,2,0
Giovanni  Corrieri,Italy,808,144.8,12,691,687,422,2342,162,256,14,12,1,1,0,16,0,7,0
Alfredo  Bovet,Italy,809,144.0,10,1600,790,214,1762,203,0,6,2,1,3,0,8,0,10,1
Niccolò  Bonifazio,Italy,810,144.1,12,1624,420,48,2409,96,1202,21,15,1,5,0,5,0,16,0
Ben  Swift,Great Britain,811,143.7,18,1896,935,87,2862,533,1588,15,12,1,2,0,10,0,21,0
Giuliano  Figueras,Italy,812,143.7,12,2169,1043,106,1742,874,338,14,7,1,6,0,8,0,12,0
Fabio Enrique  Parra,Colombia,813,143.4,12,15,3234,1449,337,2644,214,9,7,1,1,2,15,0,0,0
Jeremy  Hunt,Great Britain,814,143.2,18,2194,472,142,3926,9,18,20,12,1,7,0,5,0,21,0
Imerio  Massignan,Italy,815,143.2,11,1768,2507,487,2148,1066,256,2,2,0,0,0,13,0,15,0
Marco  Pinotti,Italy,816,143.2,16,434,1944,4249,435,816,544,15,7,1,7,11,13,0,13,0
Alfio  Vandi,Italy,817,143.0,13,3324,2237,564,1926,710,23,7,1,0,6,2,14,0,21,0
Rolf  Aldag,Germany,818,143.1,17,2002,1518,1536,2378,390,365,21,16,2,3,0,17,0,49,0
Mariano  Martínez,France,819,142.8,11,791,3676,1112,1756,2948,802,9,9,0,0,0,12,0,4,0
Jean-Marie  Wampers,Belgium,820,142.9,12,3197,239,242,1889,86,51,9,1,0,8,0,4,0,22,1
Svein  Tuft,Canada,821,142.9,19,400,1015,2902,371,33,11,23,6,0,17,18,13,0,12,0
Jo de Haan,Netherlands,822,142.6,9,1745,533,164,2628,120,352,17,11,1,5,0,3,0,9,0
Luciano  Armani,Italy,823,142.6,9,1546,463,25,1623,127,160,12,5,1,6,0,9,0,4,0
Jonathan  Hivert,France,824,142.1,17,1771,1499,551,1302,571,776,17,10,3,4,0,4,0,12,0
Bernhard  Eisel,Austria,825,142.3,20,2277,1126,272,3245,102,521,16,12,0,4,0,19,0,47,0
Valère  Ollivier,Belgium,826,142.3,11,3123,133,0,2493,32,0,11,2,0,9,0,0,0,21,0
Steve  Cummings,Great Britain,827,141.8,16,641,1558,1620,406,696,355,17,11,2,4,2,13,0,25,0
Jean-Baptiste  Dortignacq,France,828,141.8,7,306,720,0,517,1078,0,9,8,0,1,0,7,0,2,0
Kenny  Dehaes,Belgium,829,141.7,16,2880,230,3,3738,12,14,14,5,0,9,0,2,0,11,0
Frans De Mulder,Belgium,830,141.5,6,1491,675,302,1882,115,18,12,8,1,3,1,3,1,8,0
Tao  Geoghegan Hart,Great Britain,831,141.0,11,261,2545,888,158,2052,586,9,7,2,0,0,7,1,9,0
José  Pesarrodona,Spain,832,141.1,9,234,3579,3154,1036,150,51,8,6,1,1,2,17,1,0,0
Léon  Georget,France,833,141.1,12,1772,220,0,1078,632,0,9,0,0,9,0,4,0,4,0
Jakob Storm  Piil,Denmark,834,140.8,12,1224,660,248,1566,232,271,15,5,3,7,0,5,0,7,0
Frans  Aerenhouts,Belgium,835,140.6,10,2856,650,159,2683,407,704,6,2,0,4,0,7,0,16,0
Guillaume  Martin,France,836,140.3,12,2279,3592,10,81,3684,1647,9,5,3,1,0,11,0,13,0
Jaime  Alomar,Spain,837,140.2,10,703,1153,162,2622,18,0,20,17,1,2,0,8,0,6,0
Uwe  Peschel,Germany,838,140.0,14,40,625,3966,145,29,65,20,10,2,8,15,5,0,2,0
José Antonio  Momeñe,Spain,839,140.0,9,1032,1541,507,2536,536,185,13,8,1,4,0,11,0,3,0
Gilbert  Glaus,Switzerland,840,139.8,15,1378,340,891,2170,158,266,20,15,0,5,6,7,0,5,0
Ángel Luis  Casero,Spain,841,139.9,12,443,2510,2873,520,1186,368,8,3,2,3,2,16,1,8,0
Gerard  Vianen,Netherlands,842,139.8,12,1320,603,427,3048,306,1050,19,16,0,3,0,10,0,6,0
Massimiliano  Lelli,Italy,843,139.8,16,1115,2560,1453,1679,728,562,16,10,2,4,3,23,0,17,0
Alain  Santy,France,844,139.2,7,1633,1291,549,1582,484,1,11,5,3,3,0,4,0,7,0
Manuel  Belletti,Italy,845,139.3,16,2041,185,64,3760,132,1106,19,15,1,3,0,10,0,11,0
Ambrogio Enrico  Morelli,Italy,846,139.2,9,548,2135,920,3346,208,0,7,4,0,3,1,14,0,5,0
Sergio  Higuita,Colombia,847,139.0,9,1069,2053,127,79,2278,1254,10,6,2,2,0,5,0,8,0
Óscar  Pereiro,Spain,848,138.8,11,485,2531,2121,613,1336,832,6,4,1,1,1,12,1,10,0
Bradley  McGee,Australia,849,138.8,11,274,1175,3928,1204,562,606,14,12,1,1,7,11,0,6,0
Riccardo  Riccò,Italy,850,138.6,8,990,1033,259,950,1312,396,15,12,1,2,0,4,0,5,0
Janez  Brajkovič,Slovenia,851,138.3,17,654,3820,2403,714,1183,420,7,2,3,2,3,11,0,11,0
Maurice  Desimpelaere,Belgium,852,138.4,8,2516,295,0,1610,45,0,8,0,2,6,0,0,0,11,1
Simon  Clarke,Australia,853,138.2,20,2396,1555,136,1453,1374,1706,7,4,1,2,0,19,0,31,0
Francesco  Masip,Spain,854,138.4,16,888,1830,462,2813,250,203,15,8,1,6,0,12,0,2,0
Phil  Bauhaus,Germany,855,138.1,12,807,251,1,2876,890,1569,22,20,1,1,0,6,0,4,0
Juan  Ayuso,Spain,856,137.9,4,786,1545,963,2,1654,585,7,4,1,2,3,3,0,0,0
Rudy  Matthijs,Belgium,857,137.6,6,1149,214,286,1781,170,240,19,13,0,6,1,3,0,3,0
Iván Ramiro  Sosa,Colombia,858,137.7,8,248,1586,1,7,1114,164,17,10,7,0,0,3,0,4,0
Giordano  Cottur,Italy,859,137.7,12,1518,1425,838,2280,660,216,6,5,0,1,0,10,0,16,0
Tom  Danielson,United States,860,137.5,14,65,3303,2185,279,1497,324,11,6,5,0,1,13,0,5,0
Eusebio  Vélez,Spain,861,137.3,10,1050,2307,1909,1533,44,10,10,4,1,5,2,15,0,2,0
Maurice  Diot,France,862,137.4,13,2345,78,51,1696,188,430,11,4,0,7,0,6,0,15,0
Lars  Michaelsen,Denmark,863,137.2,18,3543,491,1,4462,50,378,14,10,1,3,0,6,0,31,0
Marcello  Bergamo,Italy,864,137.2,14,2390,1127,148,2757,418,14,9,5,1,3,0,10,0,7,0
Claudio  Michelotto,Italy,865,136.9,9,1021,1095,325,1312,146,71,8,2,2,4,0,12,0,6,0
Louis  Pfenninger,Switzerland,866,136.9,11,936,2368,1470,1103,46,48,7,2,2,3,3,8,0,5,0
Albert  Sercu,Belgium,867,136.6,11,2740,168,42,2080,34,30,11,4,0,7,0,1,0,12,0
Gert-Jan  Theunisse,Netherlands,868,136.6,11,1841,2177,306,1282,1674,561,9,5,3,1,0,12,0,18,0
Wilfried  Peeters,Belgium,869,135.9,16,3588,713,90,2684,62,84,8,3,1,4,0,10,0,36,0
Yvon  Bertin,France,870,136.0,10,1148,666,379,3506,121,265,16,13,1,2,2,7,0,4,0
Gery  Verlinden,Belgium,871,135.9,10,2036,801,1272,2201,216,224,12,4,0,8,1,7,0,3,0
Frans Van Looy,Belgium,872,136.1,10,2463,222,154,3318,7,79,16,7,0,9,0,3,0,7,0
Alvaro  Mejia,Colombia,873,136.0,10,374,2700,1120,608,952,306,12,6,6,0,2,12,0,3,0
Michel Van Aerde,Belgium,874,135.4,11,2090,988,141,2946,551,532,10,7,1,2,1,10,0,19,0
Alberto  Bettiol,Italy,875,135.3,12,2421,876,962,281,955,2050,8,4,1,3,2,9,0,28,1
Arthur  Vichot,France,876,135.0,13,1729,1246,218,743,616,1024,14,5,4,5,0,8,0,14,0
Mark  Renshaw,Australia,877,134.7,18,1363,555,301,4348,14,155,11,8,1,2,0,17,0,18,0
Servais  Knaven,Netherlands,878,134.9,20,1907,1542,2210,1724,41,172,12,6,2,4,1,14,0,35,1
Émile  Masson,Belgium,879,134.2,9,1596,1061,0,1770,771,0,11,7,2,2,0,7,0,12,0
Enrico  Mollo,Italy,880,134.3,9,1544,1079,151,1568,348,0,5,0,1,4,0,6,0,8,1
Luigi Natale  Lucotti,Italy,881,134.4,12,1385,915,46,1686,734,0,4,4,0,0,0,8,0,13,0
Giulio  Rossi,Italy,882,134.1,10,1618,157,347,1380,0,0,7,1,1,5,1,0,0,3,1
Serge  Demierre,Switzerland,883,133.8,14,765,728,861,1495,76,211,13,10,1,2,2,9,0,5,0
Marco  Saligari,Italy,884,133.7,13,1256,1038,534,1743,158,70,12,7,1,4,0,11,0,16,0
Raymond  Mastrotto,France,885,133.6,10,537,2586,851,1237,452,292,5,4,1,0,0,8,0,8,0
Valentin  Uriona,Spain,886,133.5,7,486,1751,1616,1229,303,78,15,12,2,1,2,10,0,7,0
Gustav Erik  Larsson,Sweden,887,133.5,16,416,2197,5173,322,200,216,15,6,2,7,13,8,0,24,0
Dino  Bruni,Italy,888,133.1,9,1676,173,42,2188,272,130,13,9,0,4,0,10,0,11,0
Joseph  Somers,Belgium,889,133.4,13,1580,299,366,1274,170,0,17,9,1,7,4,0,0,6,0
Eddy  Vanhaerens,Belgium,890,133.1,13,1998,174,0,3432,14,28,15,12,0,3,0,5,0,1,0
Lieuwe  Westra,Netherlands,891,132.9,11,384,1597,2720,644,352,431,13,7,3,3,4,7,0,11,0
Marco  Giovannetti,Italy,892,132.6,10,1250,2960,923,1135,646,184,4,2,1,1,0,18,1,9,0
Jean-Claude  Colotti,France,893,132.4,10,1969,1005,1250,2590,132,980,10,8,0,2,1,12,0,17,0
Luke  Durbridge,Australia,894,132.5,15,863,1296,2367,209,62,364,14,5,2,7,10,15,0,27,0
José Manuel  López Rodríguez,Spain,895,132.3,9,969,1580,1280,3090,400,383,14,10,2,2,0,13,0,2,0
Sandy  Casar,France,896,132.0,14,842,3028,1214,1228,1783,422,8,6,1,1,0,18,0,7,0
Jesús  Montoya,Spain,897,131.8,11,395,2203,1647,602,886,492,10,6,1,3,1,15,0,4,0
Pablo  Lastras,Spain,898,131.4,17,1258,1511,237,992,839,974,11,8,2,1,0,17,0,32,0
Ugo  Colombo,Italy,899,131.4,11,1126,1909,406,2004,272,12,10,7,0,3,1,14,0,7,0
Ezio  Corlaita,Italy,900,131.2,12,1716,739,0,1294,146,0,6,3,0,3,0,6,0,12,1
Benny Van Brabant,Belgium,901,131.0,12,1326,498,343,4208,828,810,16,14,0,2,0,11,0,8,0
José Bento  Azevedo,Portugal,902,131.1,15,244,3086,1756,653,844,259,14,9,2,3,7,11,0,7,0
Edgard De Caluwé,Belgium,903,130.5,11,2034,382,122,2050,55,0,9,5,0,4,0,3,0,9,1
Jörg  Jaksche,Germany,904,130.6,12,618,2965,1655,592,722,103,5,2,3,0,1,11,0,16,0
Osvaldo  Bailo,Italy,905,130.3,12,3063,56,0,1418,534,0,5,0,0,5,0,2,0,17,0
Giulio  Ciccone,Italy,906,130.3,11,1116,1523,90,116,3228,904,10,8,0,2,0,12,0,9,0
Marco  Marcato,Italy,907,130.1,17,3321,1701,156,3353,428,785,5,3,0,2,0,12,0,35,0
Victor  Campenaerts,Belgium,908,130.0,12,768,916,3315,333,355,730,12,6,0,6,7,10,0,9,0
Massimo  Donati,Italy,909,130.1,12,2757,844,146,1368,267,8,8,3,0,5,0,11,0,7,0
Pietro  Linari,Italy,910,129.6,7,1786,0,50,1244,234,0,5,2,0,3,0,4,0,8,1
Peter  Velits,Slovakia,911,129.3,13,956,1575,1511,892,920,962,7,1,1,5,4,8,0,14,0
Marcel  Ernzer,Luxembourg,912,129.3,13,1289,1556,339,1633,360,194,16,9,3,4,1,17,0,10,1
Roberto  Petito,Italy,913,128.8,18,1693,1367,1039,1526,256,113,8,3,3,2,1,9,0,29,0
Borut  Božič,Slovenia,914,128.5,16,1829,763,231,3876,92,604,19,16,1,2,0,7,0,24,0
Gustave Van Slembrouck,Belgium,915,128.4,8,1773,188,34,1657,366,0,4,4,0,0,0,3,0,7,0
Kaden  Groves,Australia,916,128.3,8,421,226,357,1316,59,1343,16,15,0,1,1,4,0,2,0
Leif  Mortensen,Denmark,917,128.3,6,1702,1616,1964,1250,727,336,7,5,1,1,3,5,0,13,0
Marcel  Hendrickx,Belgium,918,128.4,12,2108,453,126,2113,46,249,8,0,1,7,0,4,0,9,0
Davide  Boifava,Italy,919,128.2,11,1221,1231,806,1136,134,0,7,3,2,2,2,9,0,9,0
Juan Miguel  Mercado,Spain,920,128.3,10,308,1658,387,680,993,149,13,9,4,0,0,8,0,9,0
Haimar  Zubeldia,Spain,921,128.2,20,1008,5308,1775,688,2781,622,4,2,2,0,2,29,0,13,0
Carlos  Betancur,Colombia,922,128.0,11,1214,1583,285,408,1590,712,12,7,2,3,0,9,0,18,0
Juan Sebastián  Molano,Colombia,923,127.9,10,832,284,0,1805,78,843,24,21,1,2,0,9,0,3,0
Gabriele  Missaglia,Italy,924,127.8,15,2391,987,380,2306,266,196,7,4,2,1,0,10,0,24,0
Bruno  Wojtinek,France,925,127.6,6,1215,360,642,2396,93,125,22,18,1,3,3,2,0,7,0
Eric De Vlaeminck,Belgium,926,127.4,7,1843,384,169,1627,218,228,12,5,2,5,1,4,0,8,0
Jens  Debusschere,Belgium,927,127.3,14,2284,522,65,2746,50,328,15,7,1,7,0,8,0,21,0
Alfredo  Martini,Italy,928,127.0,16,2715,1589,112,2096,516,59,4,2,0,2,0,15,0,24,0
Georges  Vandenberghe,Belgium,929,127.1,11,1874,551,40,3052,989,1222,9,7,0,2,0,12,0,10,0
Silvio  Martinello,Italy,930,127.1,17,1058,410,220,3776,160,938,15,13,1,1,0,17,0,12,0
Jan  Adriaensens,Belgium,931,126.8,10,1046,2834,1262,1512,772,103,8,4,2,2,1,13,0,15,0
Claudio  Corti,Italy,932,126.3,13,3118,604,130,1524,304,58,10,1,1,8,0,14,0,15,0
Klaus-Peter  Thaler,Germany,933,126.3,9,937,871,802,3357,574,827,14,13,1,0,0,7,0,7,0
Pavel  Sivakov,France,934,126.3,9,852,2130,500,83,1647,526,6,2,3,1,0,9,0,4,0
Guy  Ignolin,France,935,126.3,9,567,663,182,1254,362,297,17,11,2,4,1,8,0,0,0
Olaf  Pollack,Germany,936,126.2,13,633,539,1201,3239,33,353,21,19,1,1,0,4,0,9,0
Valentin  Madouas,France,937,126.2,9,3054,1139,93,146,1600,1650,7,2,0,5,0,6,0,15,0
Antonio  Martín,Spain,938,125.9,11,246,1309,864,3252,0,0,14,12,2,0,0,5,0,0,0
Pascal  Lance,France,939,125.9,13,275,1234,2417,458,20,87,16,8,2,6,10,8,0,2,0
David  Blanco,Spain,940,125.9,11,171,1738,1205,786,566,44,14,8,6,0,2,4,0,1,0
Éric  Boyer,France,941,125.6,12,544,2212,362,1472,636,45,10,7,2,1,0,12,0,8,0
Allan  Peiper,Australia,942,125.3,11,1192,1113,2646,1623,48,176,21,16,2,3,7,11,0,14,0
Bert  Grabsch,Germany,943,125.2,17,613,1081,4217,820,153,346,17,10,1,6,10,14,0,21,0
Gustaaf  Danneels,Belgium,944,125.1,6,1387,140,220,1416,80,80,8,4,0,4,1,3,0,2,0
Felipe  Yáñez,Spain,945,125.1,12,374,1406,330,916,157,125,17,13,2,2,1,11,0,1,0
Nicolas  Roche,Ireland,946,125.1,18,1352,3473,672,1231,3660,2294,12,7,1,4,2,24,0,18,0
Giuseppe  Martinelli,Italy,947,124.8,12,1502,246,60,3304,132,0,7,5,0,2,1,10,0,6,0
Xavier  Tondo,Spain,948,124.7,10,307,1879,773,572,632,78,13,8,4,1,3,3,0,2,0
Tino  Conti,Italy,949,124.5,11,2264,849,198,1856,390,36,6,1,0,5,0,7,0,7,0
Peter  Winnen,Netherlands,950,124.3,12,579,3554,905,836,1618,495,6,5,0,1,0,14,0,5,0
Floyd  Landis,United States,951,124.3,10,94,1791,2335,266,735,178,10,5,5,0,4,8,0,8,0
Gianni  Moscon,Italy,952,123.8,11,1901,937,606,440,822,760,11,4,2,5,2,8,0,25,0
Gregory  Henderson,New Zealand,953,123.9,19,828,679,719,3138,79,197,17,12,0,5,1,11,0,8,0
Mariano  Piccoli,Italy,954,123.7,14,594,749,274,2684,374,627,9,8,0,1,0,22,0,11,0
Marco António  Chagas,Portugal,955,123.6,15,44,1144,1082,950,8,14,34,28,4,2,12,3,0,0,0
Thomas  Pidcock,Great Britain,956,123.5,7,2217,841,137,322,1524,1448,6,3,0,3,0,4,0,10,0
Pierre  Bazzo,France,957,123.5,10,1382,2205,319,1731,583,296,9,4,0,5,0,10,0,6,0
Raoul  Rémy,France,958,123.5,12,1649,635,93,2076,508,602,13,8,0,5,0,12,0,13,0
Martín  Mancisidor,Spain,959,123.2,9,1353,403,116,1575,20,0,12,1,2,9,1,3,0,0,0
Mariano  Díaz,Spain,960,123.3,6,207,1576,672,1088,230,50,9,5,4,0,0,7,0,0,0
Santiago  Lazcano,Spain,961,122.9,8,985,2116,281,1430,244,35,12,6,2,4,0,13,0,5,0
Ben  O'Connor,Australia,962,123.0,10,428,2992,550,46,2532,731,9,7,0,2,0,9,0,5,0
Alfred  Ruegg,Switzerland,963,123.0,9,944,1286,688,1439,240,134,10,6,1,3,1,6,0,3,0
Paul  Deman,Belgium,964,122.8,11,1832,405,0,1036,410,0,5,0,0,5,0,4,0,12,2
Adelin  Benoît,Belgium,965,122.8,4,862,850,0,1569,532,0,6,4,1,1,0,4,0,5,0
Fernand  Picot,France,966,122.7,13,1197,967,2,2156,357,129,13,8,1,4,0,9,0,7,0
Massimo  Strazzer,Italy,967,122.7,15,728,144,687,3526,37,352,25,22,0,3,1,12,0,9,0
Paul  Wellens,Belgium,968,122.5,11,467,1927,1073,940,1158,177,5,4,1,0,0,13,0,3,0
Eddy  Seigneur,France,969,122.4,15,716,1165,2651,1022,76,0,17,9,2,6,10,12,0,11,0
Karel  De Baere,Belgium,970,122.4,13,2697,142,0,2453,19,0,9,0,0,9,0,0,0,8,0
René  Pijnen,Netherlands,971,121.9,9,746,838,1584,1732,8,20,14,11,2,1,5,5,0,4,0
Sepp  Kuss,United States,972,121.8,9,188,2292,300,42,3060,530,10,8,2,0,0,12,1,2,0
Henri  Cornet,France,973,121.5,9,1203,1144,0,788,1086,0,3,1,1,1,0,8,1,6,1
Rudy  Dhaenens,Belgium,974,121.2,11,3088,597,116,1818,265,474,5,3,0,2,0,10,0,26,0
Beñat  Intxausti,Spain,975,120.9,13,349,2139,752,151,1436,518,6,4,2,0,1,10,0,5,0
Luigi  Casola,Italy,976,120.9,9,1350,101,0,1594,152,0,10,4,0,6,0,8,0,7,0
Alfred  Haemerlinck,Belgium,977,120.5,8,1902,286,0,1618,28,110,13,6,1,6,0,1,0,5,0
Alexandre  Geniez,France,978,120.7,13,538,1740,767,254,1168,473,17,12,2,3,2,14,0,9,0
Robert  Hagmann,Switzerland,979,120.5,7,751,1077,779,931,2,0,10,8,0,2,4,1,0,2,0
Edward  Theuns,Belgium,980,120.3,14,2558,656,131,2928,26,996,9,6,0,3,0,9,0,23,0
Giuseppe  Pancera,Italy,981,120.2,10,1187,1819,0,2260,407,0,5,4,0,1,0,12,0,9,0
Raymond  Martin,France,982,119.9,12,1010,2688,580,1148,1480,212,10,5,0,5,1,11,0,4,0
Cleto  Maule,Italy,983,119.8,7,1921,548,596,1891,368,36,7,2,0,5,0,7,0,12,1
Maurice  Blomme,Belgium,984,119.9,11,2081,328,390,2176,46,100,11,3,0,8,1,2,0,13,0
Vito  Ortelli,Italy,985,120.0,11,1758,612,30,1242,202,55,7,1,0,6,0,4,0,8,0
Paul  Duboc,France,986,119.7,13,635,1200,0,958,1506,0,7,6,1,0,0,10,0,9,0
Juan José  Lobato,Spain,987,119.5,14,1342,623,79,2586,179,972,15,11,1,3,0,7,0,11,0
Guido De Santi,Italy,988,119.3,11,860,1126,780,2190,104,88,11,8,1,2,1,12,0,17,0
Jörg  Muller,Switzerland,989,119.0,12,1185,1854,1552,1402,298,296,12,6,2,4,1,13,0,25,0
Gabriel  Company,Spain,990,119.1,10,625,1370,198,2237,2,0,12,8,1,3,1,12,0,0,0
Lars Ytting  Bak,Denmark,991,119.0,20,1189,2286,963,1323,428,365,12,5,1,6,3,20,0,34,0
Silvano  Ciampi,Italy,992,118.9,8,1947,179,14,2012,106,60,12,4,0,8,0,8,0,13,0
Félix Rafael  Cárdenas,Colombia,993,118.8,17,694,1168,470,1361,1102,284,14,9,1,4,0,10,0,4,0
Richard Van Genechten,Belgium,994,118.9,9,1224,636,30,1385,410,14,8,4,1,3,0,5,0,4,0
Mució  Miquel,Spain,995,118.6,7,202,1299,0,989,20,0,8,3,2,3,0,0,0,0,0
José Rodolfo  Serpa,Colombia,996,118.6,17,559,1794,691,1054,788,187,16,11,2,3,1,11,0,7,0
Manuel  Beltrán,Spain,997,118.6,14,573,4270,837,884,2670,472,4,2,1,1,1,24,0,7,0
Georg  Totschnig,Austria,998,118.2,15,524,3829,1506,810,1726,396,12,4,1,7,5,15,0,9,0
Jens  Heppner,Germany,999,118.1,18,1911,1253,366,1676,358,454,11,6,2,3,0,14,0,14,0
Cees  Priem,Netherlands,1000,118.2,17,1284,752,503,2965,154,162,12,9,2,1,0,7,0,7,0
